"H1","Label","Area","Perim."
"1","1:NI-ND-00","29570","658.181"
"2","1:NI-ND-05","29566","665.495"
"3","1:NI-ND-10","29605","662.909"
"4","1:NI-ND-15","29638","663.252"
"5","1:NI-ND-20","29599","669.051"
"6","1:NI-ND-25","29592","672.122"
"7","1:NI-ND-30","29631","662.767"
"8","1:NI-ND-35","29617","656.382"
"9","1:NI-ND-40","29632","663.009"
"10","1:NI-ND-45","29639","669.779"
"11","1:NI-ND-50","29642","664.566"
"12","1:NI-ND-55","29670","668.465"
"13","1:NI-ND-60","29690","665.980"
"1","10:NI-ND-00","39495","775.661"
"2","10:NI-ND-05","39557","772.205"
"3","10:NI-ND-10","39667","771.134"
"4","10:NI-ND-15","39695","771.963"
"5","10:NI-ND-20","39725","784.833"
"6","10:NI-ND-25","39769","772.690"
"7","10:NI-ND-30","39803","773.720"
"8","10:NI-ND-35","39854","766.406"
"9","10:NI-ND-40","39883","779.176"
"10","10:NI-ND-45","39879","775.619"
"11","10:NI-ND-50","39898","781.034"
"12","10:NI-ND-55","39942","777.176"
"1","100:M1ex-ND-00","36467","755.519"
"2","100:M1ex-ND-05","37051","755.235"
"3","100:M1ex-ND-10","37683","782.690"
"4","100:M1ex-ND-15","38369","818.690"
"5","100:M1ex-ND-20","38927","852.389"
"6","100:M1ex-ND-25","39283","882.916"
"7","100:M1ex-ND-30","39408","881.703"
"8","100:M1ex-ND-35","39458","892.715"
"9","100:M1ex-ND-40","39563","887.360"
"10","100:M1ex-ND-45","39629","881.703"
"11","100:M1ex-ND-50","39695","882.874"
"12","100:M1ex-ND-55","39789","890.288"
"13","100:M1ex-ND-60","39811","900.472"
"1","101:M1ex-ND-00","34078","748.406"
"2","101:M1ex-ND-05","34421","757.720"
"3","101:M1ex-ND-10","34845","765.820"
"4","101:M1ex-ND-15","35316","782.749"
"5","101:M1ex-ND-20","35385","848.833"
"6","101:M1ex-ND-25","35492","860.046"
"7","101:M1ex-ND-30","35644","871.561"
"8","101:M1ex-ND-35","35809","879.803"
"9","101:M1ex-ND-40","36087","811.762"
"10","101:M1ex-ND-45","36089","824.389"
"11","101:M1ex-ND-50","36217","811.276"
"12","101:M1ex-ND-55","36193","819.318"
"1","102:M1ex-ND-00","31639","675.696"
"2","102:M1ex-ND-05","31574","676.524"
"3","102:M1ex-ND-10","31614","678.423"
"4","102:M1ex-ND-15","31669","681.009"
"5","102:M1ex-ND-20","31683","676.039"
"6","102:M1ex-ND-25","31710","680.666"
"7","102:M1ex-ND-30","31764","681.009"
"8","102:M1ex-ND-35","31789","674.281"
"9","102:M1ex-ND-40","31812","678.281"
"10","102:M1ex-ND-45","31849","687.737"
"11","102:M1ex-ND-50","31891","684.808"
"12","102:M1ex-ND-55","31902","684.909"
"1","103:M1ex-ND-00","30275","668.281"
"2","103:M1ex-ND-05","30321","683.294"
"3","103:M1ex-ND-10","30393","676.080"
"4","103:M1ex-ND-15","30448","681.495"
"5","103:M1ex-ND-20","30475","678.909"
"6","103:M1ex-ND-25","30516","675.495"
"7","103:M1ex-ND-30","30542","674.080"
"8","103:M1ex-ND-35","30539","677.151"
"9","103:M1ex-ND-40","30555","672.423"
"10","103:M1ex-ND-45","30566","675.737"
"11","103:M1ex-ND-50","30574","679.252"
"12","103:M1ex-ND-55","30574","679.151"
"1","104:M1ex-ND-00","36652","739.092"
"2","104:M1ex-ND-05","36630","732.950"
"3","104:M1ex-ND-10","36629","736.607"
"4","104:M1ex-ND-15","36616","728.465"
"5","104:M1ex-ND-20","36612","729.637"
"6","104:M1ex-ND-25","36620","740.850"
"7","104:M1ex-ND-30","36633","742.548"
"8","104:M1ex-ND-35","36596","730.950"
"9","104:M1ex-ND-40","36599","730.950"
"10","104:M1ex-ND-45","36598","734.021"
"11","104:M1ex-ND-50","36588","734.365"
"12","104:M1ex-ND-55","36618","735.193"
"13","104:M1ex-ND-60","36607","740.063"
"1","105:M1ex-ND-00","36634","742.891"
"2","105:M1ex-ND-05","36617","730.122"
"1","106:M1ex-ND-00","30934","695.495"
"2","106:M1ex-ND-05","30749","676.080"
"3","106:M1ex-ND-10","30729","662.624"
"4","106:M1ex-ND-15","30774","664.867"
"5","106:M1ex-ND-20","30775","670.423"
"6","106:M1ex-ND-25","30805","672.423"
"7","106:M1ex-ND-30","30791","672.666"
"8","106:M1ex-ND-35","30809","673.495"
"9","106:M1ex-ND-40","30841","666.767"
"10","106:M1ex-ND-45","30809","667.110"
"11","106:M1ex-ND-50","30824","668.524"
"12","106:M1ex-ND-55","30828","668.423"
"13","106:M1ex-ND-60","30819","675.394"
"1","107:M1ex-ND-00","28296","647.737"
"2","107:M1ex-ND-05","28275","655.394"
"3","107:M1ex-ND-10","28251","659.193"
"4","107:M1ex-ND-15","28293","650.222"
"5","107:M1ex-ND-20","28243","648.080"
"6","107:M1ex-ND-25","28199","646.909"
"7","107:M1ex-ND-30","28213","648.808"
"8","107:M1ex-ND-35","28215","651.051"
"9","107:M1ex-ND-40","28277","648.566"
"10","107:M1ex-ND-45","28274","651.737"
"11","107:M1ex-ND-50","28282","643.595"
"12","107:M1ex-ND-55","28341","648.080"
"13","107:M1ex-ND-60","28364","642.181"
"1","108:M1ex-ND-00","37955","750.749"
"2","108:M1ex-ND-05","37892","747.678"
"3","108:M1ex-ND-10","37816","752.164"
"4","108:M1ex-ND-15","37781","754.791"
"5","108:M1ex-ND-20","37752","744.850"
"6","108:M1ex-ND-25","37708","749.477"
"7","108:M1ex-ND-30","37695","749.235"
"8","108:M1ex-ND-35","37670","747.678"
"9","108:M1ex-ND-40","37645","750.406"
"10","108:M1ex-ND-45","37612","744.264"
"11","108:M1ex-ND-50","37570","745.436"
"12","108:M1ex-ND-55","37565","752.649"
"13","108:M1ex-ND-60","37497","746.992"
"1","109:M1ex-ND-00","32918","695.595"
"2","109:M1ex-ND-05","32464","698.708"
"3","109:M1ex-ND-10","31928","690.080"
"4","109:M1ex-ND-15","31687","684.666"
"5","109:M1ex-ND-30","36632","730.365"
"6","109:M1ex-ND-35","36676","730.708"
"7","109:M1ex-ND-40","36642","726.465"
"8","109:M1ex-ND-45","36640","727.879"
"9","109:M1ex-ND-50","36647","734.607"
"10","109:M1ex-ND-55","36630","735.092"
"11","109:M1ex-ND-60","36650","730.122"
"1","11:NI-ND-00","39560","754.365"
"2","11:NI-ND-05","39632","765.720"
"3","11:NI-ND-10","39602","763.720"
"4","11:NI-ND-15","39616","757.335"
"5","11:NI-ND-20","39673","750.465"
"6","11:NI-ND-25","39672","761.678"
"7","11:NI-ND-30","39656","757.092"
"8","11:NI-ND-35","39655","759.092"
"9","11:NI-ND-40","39666","757.193"
"10","11:NI-ND-45","39666","755.536"
"11","11:NI-ND-50","39686","755.193"
"12","11:NI-ND-55","39697","758.749"
"1","110:M1ex-ND-00","36737","741.862"
"2","110:M1ex-ND-05","36755","736.649"
"3","110:M1ex-ND-10","36720","738.063"
"4","110:M1ex-ND-15","36737","739.134"
"5","110:M1ex-ND-20","36724","739.377"
"6","110:M1ex-ND-25","36689","749.318"
"7","110:M1ex-ND-30","36638","739.134"
"8","110:M1ex-ND-35","36664","735.477"
"9","110:M1ex-ND-40","36652","737.720"
"10","110:M1ex-ND-45","36626","737.963"
"11","110:M1ex-ND-50","36640","738.063"
"12","110:M1ex-ND-55","36669","739.134"
"1","111:M1ex-ND-00","35107","729.092"
"2","111:M1ex-ND-05","35070","729.335"
"3","111:M1ex-ND-10","35036","726.950"
"4","111:M1ex-ND-15","35032","722.365"
"5","111:M1ex-ND-20","35062","725.779"
"6","111:M1ex-ND-25","35042","727.294"
"7","111:M1ex-ND-30","35018","728.749"
"8","111:M1ex-ND-35","35048","740.649"
"9","111:M1ex-ND-40","35042","729.235"
"10","111:M1ex-ND-45","35042","722.365"
"11","111:M1ex-ND-50","35031","725.051"
"12","111:M1ex-ND-55","34977","725.436"
"13","111:M1ex-ND-60","35003","733.092"
"1","112:M1ex-ND-00","33886","706.365"
"2","112:M1ex-ND-05","33911","712.749"
"3","112:M1ex-ND-10","33892","709.921"
"4","112:M1ex-ND-15","33859","711.235"
"5","112:M1ex-ND-20","33867","712.507"
"6","112:M1ex-ND-25","33834","722.448"
"7","112:M1ex-ND-30","33846","713.820"
"8","112:M1ex-ND-35","33839","704.708"
"9","112:M1ex-ND-40","33840","713.820"
"10","112:M1ex-ND-45","33854","713.820"
"11","112:M1ex-ND-50","33839","708.264"
"12","112:M1ex-ND-55","33871","709.678"
"1","113:M1ex-ND-00","30267","663.495"
"2","113:M1ex-ND-05","30254","661.838"
"3","113:M1ex-ND-10","30268","663.252"
"4","113:M1ex-ND-15","30298","661.938"
"5","113:M1ex-ND-20","30280","663.252"
"6","113:M1ex-ND-25","30293","665.394"
"7","113:M1ex-ND-30","30282","662.909"
"8","113:M1ex-ND-35","30280","664.666"
"9","113:M1ex-ND-40","30265","663.495"
"10","113:M1ex-ND-45","30276","663.495"
"11","113:M1ex-ND-50","30266","667.051"
"12","113:M1ex-ND-55","30268","662.080"
"1","114:M1ex-ND-00","31126","677.495"
"2","114:M1ex-ND-05","31102","677.838"
"3","114:M1ex-ND-10","31088","683.980"
"4","114:M1ex-ND-15","31120","677.495"
"5","114:M1ex-ND-20","31108","677.252"
"6","114:M1ex-ND-25","31120","678.909"
"7","114:M1ex-ND-30","31136","684.808"
"8","114:M1ex-ND-35","31175","681.151"
"9","114:M1ex-ND-40","31184","684.708"
"10","114:M1ex-ND-45","31216","680.808"
"11","114:M1ex-ND-50","31227","679.151"
"12","114:M1ex-ND-55","31280","678.423"
"13","114:M1ex-ND-60","31284","689.536"
"1","115:M1ex-ND-00","34295","729.963"
"2","115:M1ex-ND-05","34291","728.749"
"3","115:M1ex-ND-10","34326","749.176"
"4","115:M1ex-ND-15","34407","735.477"
"5","115:M1ex-ND-20","34510","736.933"
"6","115:M1ex-ND-25","34542","723.578"
"7","115:M1ex-ND-30","34581","730.891"
"8","115:M1ex-ND-35","34612","727.820"
"9","115:M1ex-ND-40","34715","729.092"
"10","115:M1ex-ND-45","34669","731.720"
"11","115:M1ex-ND-50","34667","738.548"
"12","115:M1ex-ND-55","34733","734.791"
"13","115:M1ex-ND-60","34750","735.921"
"1","116:M1ex-ND-00","35597","733.134"
"2","116:M1ex-ND-05","35579","732.306"
"3","116:M1ex-ND-10","35546","725.335"
"4","116:M1ex-ND-15","35558","730.063"
"5","116:M1ex-ND-20","35641","739.963"
"6","116:M1ex-ND-25","35647","727.578"
"7","116:M1ex-ND-30","35680","735.235"
"8","116:M1ex-ND-35","35665","731.335"
"9","116:M1ex-ND-40","35658","735.921"
"10","116:M1ex-ND-45","35686","729.092"
"11","116:M1ex-ND-50","35703","731.092"
"12","116:M1ex-ND-55","35733","745.862"
"1","117:M1ex-ND-00","36647","747.963"
"2","117:M1ex-ND-05","36395","740.992"
"3","117:M1ex-ND-10","36280","741.820"
"4","117:M1ex-ND-15","36217","740.164"
"5","117:M1ex-ND-20","36235","740.891"
"6","117:M1ex-ND-25","36189","742.649"
"7","117:M1ex-ND-30","36193","741.477"
"8","117:M1ex-ND-35","36168","735.335"
"9","117:M1ex-ND-40","36169","747.619"
"10","117:M1ex-ND-45","36173","738.406"
"11","117:M1ex-ND-50","36219","742.649"
"12","117:M1ex-ND-55","36231","743.134"
"1","118:M1ex-ND-00","37265","763.276"
"2","118:M1ex-ND-05","37208","765.418"
"3","118:M1ex-ND-10","37174","762.690"
"4","118:M1ex-ND-15","37214","771.418"
"5","118:M1ex-ND-20","37170","773.661"
"6","118:M1ex-ND-25","37184","776.732"
"7","118:M1ex-ND-30","37196","766.105"
"8","118:M1ex-ND-35","37211","770.004"
"9","118:M1ex-ND-40","37224","771.561"
"10","118:M1ex-ND-45","37211","783.360"
"11","118:M1ex-ND-50","37249","773.561"
"12","118:M1ex-ND-55","37260","766.105"
"1","119:M1ex-ND-00","41208","793.418"
"2","119:M1ex-ND-05","41078","794.975"
"3","119:M1ex-ND-10","41034","781.720"
"4","119:M1ex-ND-15","40986","782.548"
"5","119:M1ex-ND-20","40976","781.963"
"6","119:M1ex-ND-25","40980","789.519"
"7","119:M1ex-ND-30","41049","791.762"
"8","119:M1ex-ND-35","41054","787.762"
"9","119:M1ex-ND-40","41014","792.004"
"10","119:M1ex-ND-45","41003","787.176"
"11","119:M1ex-ND-50","40985","787.619"
"12","119:M1ex-ND-55","40944","784.448"
"1","12:NI-ND-00","39319","796.389"
"2","12:NI-ND-05","39268","783.862"
"3","12:NI-ND-10","39283","790.347"
"4","12:NI-ND-15","39308","792.247"
"5","12:NI-ND-20","39289","789.418"
"6","12:NI-ND-25","39390","790.833"
"7","12:NI-ND-30","39487","790.347"
"8","12:NI-ND-35","39370","793.276"
"9","12:NI-ND-40","39363","795.318"
"10","12:NI-ND-45","39388","788.690"
"11","12:NI-ND-50","39409","791.661"
"12","12:NI-ND-55","39458","796.004"
"1","120:NI-K-00","45887","826.833"
"2","120:NI-K-05","45781","818.205"
"3","120:NI-K-10","45665","817.619"
"4","120:NI-K-15","45615","822.347"
"5","120:NI-K-20","45579","827.075"
"6","120:NI-K-25","45584","820.933"
"7","120:NI-K-30","45548","823.075"
"8","120:NI-K-35","45525","820.690"
"9","120:NI-K-40","45478","817.762"
"10","120:NI-K-45","45476","826.389"
"11","120:NI-K-50","45471","816.105"
"12","120:NI-K-55","45447","812.791"
"1","121:NI-K-00","45796","837.703"
"2","121:NI-K-05","45729","830.347"
"3","121:NI-K-10","45720","829.318"
"4","121:NI-K-15","45655","836.774"
"5","121:NI-K-20","45654","833.460"
"6","121:NI-K-25","45749","830.732"
"7","121:NI-K-30","45675","838.975"
"8","121:NI-K-35","45616","825.176"
"9","121:NI-K-40","45610","821.519"
"10","121:NI-K-45","45610","840.087"
"11","121:NI-K-50","45629","826.732"
"12","121:NI-K-55","45615","822.933"
"13","121:NI-K-60","45572","823.418"
"1","122:NI-K-00","42292","802.632"
"2","122:NI-K-05","42249","794.004"
"3","122:NI-K-10","42242","797.904"
"4","122:NI-K-15","42234","795.075"
"5","122:NI-K-20","42184","801.904"
"6","122:NI-K-25","42191","797.176"
"7","122:NI-K-30","42187","800.975"
"8","122:NI-K-35","42200","792.004"
"9","122:NI-K-40","42201","801.318"
"10","122:NI-K-45","42218","792.004"
"11","122:NI-K-50","42219","812.632"
"12","122:NI-K-55","42197","793.075"
"13","122:NI-K-60","42209","790.690"
"1","123:NI-K-00","31569","681.151"
"2","123:NI-K-05","31598","681.394"
"3","123:NI-K-10","31642","678.080"
"4","123:NI-K-15","31656","682.465"
"5","123:NI-K-20","31689","681.495"
"6","123:NI-K-25","31729","678.423"
"7","123:NI-K-30","31758","680.080"
"8","123:NI-K-35","31804","681.495"
"9","123:NI-K-40","31861","683.980"
"10","123:NI-K-45","31875","683.637"
"11","123:NI-K-50","31873","683.151"
"12","123:NI-K-55","31879","693.436"
"13","123:NI-K-60","31910","680.666"
"1","124:NI-K-00","34335","728.507"
"2","124:NI-K-05","34499","722.507"
"3","124:NI-K-10","37574","768.891"
"4","124:NI-K-15","37646","762.264"
"5","124:NI-K-20","37691","762.749"
"6","124:NI-K-25","37731","771.034"
"7","124:NI-K-30","37759","766.406"
"8","124:NI-K-35","37807","776.933"
"9","124:NI-K-40","37845","782.975"
"10","124:NI-K-45","37889","769.477"
"11","124:NI-K-50","37982","771.820"
"12","124:NI-K-55","37951","773.034"
"13","124:NI-K-60","38000","775.034"
"1","125:NI-K-00","45504","825.720"
"2","125:NI-K-05","45443","836.489"
"3","125:NI-K-10","45370","836.590"
"4","125:NI-K-15","45369","825.862"
"5","125:NI-K-20","45316","834.247"
"6","125:NI-K-25","45352","828.347"
"7","125:NI-K-30","45374","828.690"
"8","125:NI-K-35","45328","827.519"
"9","125:NI-K-40","45358","823.619"
"10","125:NI-K-45","45344","818.063"
"11","125:NI-K-50","45320","825.762"
"12","125:NI-K-55","45282","827.762"
"1","126:NI-K-00","40008","771.092"
"2","126:NI-K-05","39939","767.335"
"3","126:NI-K-10","40051","760.365"
"4","126:NI-K-15","40063","771.720"
"5","126:NI-K-20","39965","770.063"
"6","126:NI-K-25","39853","762.264"
"7","126:NI-K-30","39669","755.294"
"8","126:NI-K-35","39433","762.164"
"9","126:NI-K-40","39135","756.264"
"10","126:NI-K-45","38754","752.021"
"11","126:NI-K-50","38321","747.193"
"12","126:NI-K-55","37862","746.850"
"1","127:NI-K-00","36201","749.092"
"2","127:NI-K-05","36250","754.992"
"3","127:NI-K-10","36303","747.193"
"4","127:NI-K-15","36336","749.921"
"5","127:NI-K-20","36333","744.950"
"6","127:NI-K-25","36326","746.122"
"7","127:NI-K-30","36336","738.423"
"8","127:NI-K-35","36333","743.294"
"9","127:NI-K-40","36323","747.536"
"10","127:NI-K-45","36320","744.708"
"11","127:NI-K-50","36336","745.779"
"12","127:NI-K-55","36338","748.122"
"13","127:NI-K-60","36353","743.294"
"1","128:NI-K-00","30729","667.110"
"2","128:NI-K-05","30705","669.938"
"3","128:NI-K-10","30712","666.867"
"4","128:NI-K-15","30714","675.980"
"5","128:NI-K-20","30699","682.122"
"6","128:NI-K-25","30674","675.151"
"7","128:NI-K-30","30707","671.252"
"8","128:NI-K-35","30727","675.495"
"9","128:NI-K-40","30668","669.009"
"10","128:NI-K-45","30653","676.808"
"11","128:NI-K-50","30663","666.524"
"12","128:NI-K-55","30656","673.009"
"13","128:NI-K-60","30666","675.151"
"1","129:NI-K-00","39044","778.489"
"2","129:NI-K-05","38935","757.578"
"3","129:NI-K-10","38859","771.762"
"4","129:NI-K-15","38887","771.661"
"5","129:NI-K-20","38930","768.833"
"6","129:NI-K-25","38959","763.963"
"7","129:NI-K-30","38965","770.933"
"8","129:NI-K-35","38925","771.176"
"9","129:NI-K-40","38889","780.732"
"10","129:NI-K-45","38908","768.933"
"11","129:NI-K-50","38888","780.975"
"12","129:NI-K-55","38906","775.418"
"1","13:NI-ND-00","34322","700.181"
"2","13:NI-ND-05","34324","696.524"
"3","13:NI-ND-10","34343","699.352"
"4","13:NI-ND-15","34343","702.080"
"5","13:NI-ND-20","34350","706.808"
"6","13:NI-ND-25","34335","703.252"
"7","13:NI-ND-30","34358","697.938"
"8","13:NI-ND-35","34365","701.009"
"9","13:NI-ND-40","34372","698.867"
"10","13:NI-ND-45","34375","697.696"
"11","13:NI-ND-50","34366","700.423"
"12","13:NI-ND-55","34386","705.737"
"13","13:NI-ND-60","34391","704.323"
"1","130:NI-K-00","40539","782.489"
"2","130:NI-K-05","40620","793.117"
"3","130:NI-K-10","40600","779.862"
"4","130:NI-K-15","40633","780.247"
"5","130:NI-K-20","40591","780.933"
"6","130:NI-K-25","40600","785.075"
"7","130:NI-K-30","40588","777.862"
"8","130:NI-K-35","40640","789.904"
"9","130:NI-K-40","40703","786.732"
"10","130:NI-K-45","40659","796.531"
"11","130:NI-K-50","40621","787.217"
"12","130:NI-K-55","40661","780.004"
"13","130:NI-K-60","40661","779.862"
"1","131:M1-K-00","37192","734.264"
"2","131:M1-K-05","37376","739.436"
"3","131:M1-K-10","37380","740.749"
"4","131:M1-K-15","37376","738.021"
"5","131:M1-K-20","37376","735.779"
"6","131:M1-K-25","37364","742.649"
"7","131:M1-K-30","37377","744.749"
"8","131:M1-K-35","37364","744.406"
"9","131:M1-K-40","37335","736.850"
"10","131:M1-K-45","37322","737.436"
"11","131:M1-K-50","37318","734.365"
"12","131:M1-K-55","37329","736.122"
"1","132:M1-K-00","33228","701.879"
"2","132:M1-K-05","33313","701.294"
"3","132:M1-K-10","33425","708.749"
"4","132:M1-K-15","33480","708.365"
"5","132:M1-K-20","33506","694.666"
"6","132:M1-K-25","33539","701.294"
"7","132:M1-K-30","33612","702.950"
"8","132:M1-K-35","33633","702.222"
"9","132:M1-K-40","33664","702.465"
"10","132:M1-K-45","33692","703.637"
"11","132:M1-K-50","33741","711.779"
"12","132:M1-K-55","33743","705.394"
"1","133:M1-K-00","37145","747.963"
"2","133:M1-K-05","37191","757.176"
"3","133:M1-K-10","37221","744.992"
"4","133:M1-K-15","37217","751.519"
"5","133:M1-K-20","37242","758.004"
"6","133:M1-K-25","37248","757.519"
"7","133:M1-K-30","37279","760.833"
"8","133:M1-K-35","37316","757.034"
"9","133:M1-K-40","37328","762.833"
"10","133:M1-K-45","37365","765.803"
"11","133:M1-K-50","37404","756.933"
"12","133:M1-K-55","37385","770.874"
"1","134:M1-K-00","32350","747.318"
"2","134:M1-K-05","32535","747.418"
"3","134:M1-K-10","32647","730.690"
"4","134:M1-K-15","32760","726.690"
"5","134:M1-K-20","32986","742.833"
"6","134:M1-K-25","33045","744.146"
"7","134:M1-K-30","33128","742.833"
"8","134:M1-K-35","33192","740.105"
"9","134:M1-K-40","33319","737.034"
"10","134:M1-K-45","33348","747.075"
"11","134:M1-K-50","33433","743.519"
"12","134:M1-K-55","33535","730.448"
"13","134:M1-K-60","33617","736.690"
"1","135:M1-K-00","36184","764.590"
"2","135:M1-K-05","36185","765.904"
"3","135:M1-K-10","36293","753.377"
"4","135:M1-K-15","36319","753.034"
"5","135:M1-K-20","36399","753.720"
"6","135:M1-K-25","36425","756.791"
"7","135:M1-K-30","36438","758.690"
"8","135:M1-K-35","36505","757.134"
"9","135:M1-K-40","36593","755.377"
"10","135:M1-K-45","36607","768.448"
"11","135:M1-K-50","36667","755.377"
"12","135:M1-K-55","36713","764.489"
"1","136:M1-K-00","38306","758.205"
"2","136:M1-K-05","37994","757.963"
"3","136:M1-K-10","37802","750.891"
"4","136:M1-K-15","37698","752.548"
"5","136:M1-K-20","37605","746.063"
"6","136:M1-K-25","37600","746.406"
"7","136:M1-K-30","37584","744.164"
"8","136:M1-K-35","37612","755.519"
"9","136:M1-K-40","37552","753.377"
"10","136:M1-K-45","37526","758.933"
"11","136:M1-K-50","37544","747.477"
"12","136:M1-K-55","37547","752.105"
"1","137:M1-K-00","37033","739.436"
"2","137:M1-K-05","37059","733.294"
"3","137:M1-K-10","37085","734.950"
"4","137:M1-K-15","37091","734.122"
"5","137:M1-K-20","37113","738.365"
"6","137:M1-K-25","37137","738.850"
"7","137:M1-K-30","37169","737.536"
"8","137:M1-K-35","37182","734.122"
"9","137:M1-K-40","37213","729.495"
"10","137:M1-K-45","37204","735.536"
"11","137:M1-K-50","37235","741.092"
"12","137:M1-K-55","37235","737.779"
"1","138:M1-K-00","36491","740.164"
"2","138:M1-K-05","36574","751.519"
"3","138:M1-K-10","36626","747.820"
"4","138:M1-K-15","36610","745.235"
"5","138:M1-K-20","36661","750.690"
"6","138:M1-K-25","36707","753.034"
"7","138:M1-K-30","36724","752.933"
"8","138:M1-K-35","36782","748.406"
"9","138:M1-K-40","36782","745.921"
"10","138:M1-K-45","36854","751.720"
"11","138:M1-K-50","36919","766.105"
"12","138:M1-K-55","36931","771.862"
"13","138:M1-K-60","36895","745.578"
"1","139:M1-K-00","37104","738.749"
"2","139:M1-K-05","37145","736.365"
"3","139:M1-K-10","37178","745.578"
"4","139:M1-K-15","37234","747.377"
"5","139:M1-K-20","37233","750.548"
"6","139:M1-K-25","37232","742.649"
"7","139:M1-K-30","37232","747.134"
"8","139:M1-K-35","37253","737.678"
"9","139:M1-K-40","37246","739.092"
"10","139:M1-K-45","37292","749.477"
"11","139:M1-K-50","37311","744.992"
"12","139:M1-K-55","37305","744.164"
"13","139:M1-K-60","37265","739.335"
"1","14:NI-ND-00","31612","687.637"
"2","14:NI-ND-05","31582","687.394"
"3","14:NI-ND-10","31593","689.879"
"4","14:NI-ND-15","31620","684.666"
"5","14:NI-ND-20","31598","683.252"
"6","14:NI-ND-25","31617","682.080"
"7","14:NI-ND-30","31656","684.566"
"8","14:NI-ND-35","31645","683.252"
"9","14:NI-ND-40","31672","687.980"
"10","14:NI-ND-45","31679","687.637"
"11","14:NI-ND-50","31740","686.666"
"12","14:NI-ND-55","31772","692.222"
"1","140:M1-K-00","32987","705.294"
"2","140:M1-K-05","33102","714.164"
"3","140:M1-K-10","32941","710.749"
"4","140:M1-K-15","32886","707.092"
"5","140:M1-K-20","32953","715.963"
"6","140:M1-K-25","32960","702.850"
"7","140:M1-K-30","32987","705.921"
"8","140:M1-K-35","33057","715.720"
"9","140:M1-K-40","33066","716.205"
"10","140:M1-K-45","33112","716.548"
"11","140:M1-K-50","33128","705.678"
"12","140:M1-K-55","33189","711.335"
"1","141:NI-BAPTA-00","36924","736.850"
"2","141:NI-BAPTA-05","36903","736.607"
"3","141:NI-BAPTA-10","36888","735.678"
"4","141:NI-BAPTA-15","36850","738.507"
"5","141:NI-BAPTA-20","36846","739.092"
"6","141:NI-BAPTA-25","36837","739.092"
"7","141:NI-BAPTA-30","36820","738.749"
"8","141:NI-BAPTA-35","36768","737.578"
"9","141:NI-BAPTA-40","36790","741.578"
"10","141:NI-BAPTA-45","36787","735.921"
"11","141:NI-BAPTA-50","36753","739.578"
"12","141:NI-BAPTA-55","36735","739.235"
"13","141:NI-BAPTA-60","36713","739.578"
"1","142:NI-BAPTA-00","37431","749.578"
"2","142:NI-BAPTA-05","37523","764.205"
"3","142:NI-BAPTA-10","37540","757.134"
"4","142:NI-BAPTA-15","37580","756.306"
"5","142:NI-BAPTA-20","37641","757.963"
"6","142:NI-BAPTA-25","37646","760.548"
"7","142:NI-BAPTA-30","37659","754.264"
"8","142:NI-BAPTA-35","37710","750.507"
"9","142:NI-BAPTA-40","37719","762.933"
"10","142:NI-BAPTA-45","37759","761.235"
"11","142:NI-BAPTA-50","37804","751.921"
"12","142:NI-BAPTA-55","37803","759.720"
"1","143:NI-BAPTA-00","34487","709.536"
"2","143:NI-BAPTA-05","34495","712.850"
"3","143:NI-BAPTA-10","34467","717.921"
"4","143:NI-BAPTA-15","34492","714.365"
"5","143:NI-BAPTA-20","34508","717.193"
"6","143:NI-BAPTA-25","34551","714.950"
"7","143:NI-BAPTA-30","34538","711.536"
"8","143:NI-BAPTA-35","34530","718.021"
"9","143:NI-BAPTA-40","34570","720.607"
"10","143:NI-BAPTA-45","34556","718.850"
"11","143:NI-BAPTA-50","34559","713.779"
"12","143:NI-BAPTA-55","34595","715.779"
"1","144:NI-BAPTA-00","42085","790.448"
"2","144:NI-BAPTA-05","42113","797.661"
"3","144:NI-BAPTA-10","42031","794.933"
"4","144:NI-BAPTA-15","42033","797.661"
"5","144:NI-BAPTA-20","42049","799.661"
"6","144:NI-BAPTA-25","42018","791.619"
"7","144:NI-BAPTA-30","42019","804.732"
"8","144:NI-BAPTA-35","42029","795.762"
"9","144:NI-BAPTA-40","41986","792.690"
"10","144:NI-BAPTA-45","41966","803.075"
"11","144:NI-BAPTA-50","41953","794.690"
"12","144:NI-BAPTA-55","41895","794.347"
"1","145:NI-BAPTA-00","35649","713.495"
"2","145:NI-BAPTA-05","35710","720.808"
"3","145:NI-BAPTA-10","35684","716.566"
"4","145:NI-BAPTA-15","35669","711.838"
"5","145:NI-BAPTA-20","35632","710.767"
"6","145:NI-BAPTA-25","35640","714.323"
"7","145:NI-BAPTA-30","35639","712.423"
"8","145:NI-BAPTA-35","35638","714.909"
"9","145:NI-BAPTA-40","35639","712.423"
"10","145:NI-BAPTA-45","35627","708.524"
"11","145:NI-BAPTA-50","35603","714.323"
"12","145:NI-BAPTA-55","35603","714.323"
"1","146:NI-BAPTA-00","41176","775.820"
"2","146:NI-BAPTA-05","41218","776.406"
"3","146:NI-BAPTA-10","41253","776.406"
"4","146:NI-BAPTA-15","41265","774.164"
"5","146:NI-BAPTA-20","41303","771.678"
"6","146:NI-BAPTA-25","41348","773.092"
"7","146:NI-BAPTA-30","41336","775.578"
"8","146:NI-BAPTA-35","41358","772.264"
"9","146:NI-BAPTA-40","41403","776.749"
"10","146:NI-BAPTA-45","41425","775.335"
"11","146:NI-BAPTA-50","41440","777.678"
"12","146:NI-BAPTA-55","41462","777.335"
"1","147:NI-BAPTA-00","44866","825.661"
"2","147:NI-BAPTA-05","44925","825.803"
"3","147:NI-BAPTA-10","45006","832.288"
"4","147:NI-BAPTA-15","45024","832.531"
"5","147:NI-BAPTA-20","45005","826.389"
"6","147:NI-BAPTA-25","44943","823.904"
"7","147:NI-BAPTA-30","44992","832.288"
"8","147:NI-BAPTA-35","44941","832.288"
"9","147:NI-BAPTA-40","44883","823.803"
"10","147:NI-BAPTA-45","44958","834.046"
"11","147:NI-BAPTA-50","44888","830.046"
"12","147:NI-BAPTA-55","44960","822.247"
"13","147:NI-BAPTA-60","44902","821.904"
"1","148:NI-BAPTA-00","43082","800.205"
"2","148:NI-BAPTA-05","43388","834.431"
"3","148:NI-BAPTA-10","43275","831.602"
"4","148:NI-BAPTA-15","43175","817.460"
"5","148:NI-BAPTA-20","43151","831.845"
"6","148:NI-BAPTA-25","43143","826.632"
"7","148:NI-BAPTA-30","43120","824.632"
"8","148:NI-BAPTA-35","43145","810.732"
"9","148:NI-BAPTA-40","43159","837.786"
"10","148:NI-BAPTA-45","43124","819.703"
"11","148:NI-BAPTA-50","43071","827.845"
"12","148:NI-BAPTA-55","43029","826.632"
"13","148:NI-BAPTA-60","43077","839.845"
"1","149:NI-BAPTA-00","47059","832.105"
"2","149:NI-BAPTA-05","47195","836.347"
"3","149:NI-BAPTA-10","47161","838.247"
"4","149:NI-BAPTA-15","47097","834.933"
"5","149:NI-BAPTA-20","47082","833.762"
"6","149:NI-BAPTA-25","47037","839.904"
"7","149:NI-BAPTA-30","47050","844.732"
"8","149:NI-BAPTA-35","47018","836.833"
"9","149:NI-BAPTA-40","47000","842.146"
"10","149:NI-BAPTA-45","46970","829.377"
"11","149:NI-BAPTA-50","46966","833.762"
"12","149:NI-BAPTA-55","46945","837.176"
"13","149:NI-BAPTA-60","46950","834.105"
"1","15:NI-ND-00","34283","714.992"
"2","15:NI-ND-05","34270","715.921"
"3","15:NI-ND-10","34282","713.193"
"4","15:NI-ND-15","34298","712.850"
"5","15:NI-ND-20","34323","719.820"
"6","15:NI-ND-25","34317","715.335"
"7","15:NI-ND-30","34308","709.536"
"8","15:NI-ND-35","34311","716.164"
"9","15:NI-ND-40","34324","715.092"
"10","15:NI-ND-45","34327","705.879"
"11","15:NI-ND-50","34337","714.264"
"12","15:NI-ND-55","34368","710.365"
"1","150:NI-BAPTA-00","39035","758.992"
"2","150:NI-BAPTA-05","39025","757.092"
"3","150:NI-BAPTA-10","39017","749.193"
"4","150:NI-BAPTA-15","38971","762.406"
"5","150:NI-BAPTA-20","38942","755.820"
"6","150:NI-BAPTA-25","38914","750.507"
"7","150:NI-BAPTA-30","38893","753.578"
"8","150:NI-BAPTA-35","38870","751.921"
"9","150:NI-BAPTA-40","38868","750.021"
"10","150:NI-BAPTA-45","38869","756.164"
"11","150:NI-BAPTA-50","38863","751.092"
"12","150:NI-BAPTA-55","38836","757.235"
"13","150:NI-BAPTA-60","38807","750.749"
"1","151:NI-BAPTA-00","46417","837.318"
"2","151:NI-BAPTA-05","46385","833.318"
"3","151:NI-BAPTA-10","46291","831.904"
"4","151:NI-BAPTA-15","46248","837.460"
"5","151:NI-BAPTA-20","46255","835.904"
"6","151:NI-BAPTA-25","46227","841.561"
"7","151:NI-BAPTA-30","46212","838.489"
"8","151:NI-BAPTA-35","46187","833.803"
"9","151:NI-BAPTA-40","46197","840.146"
"10","151:NI-BAPTA-45","46204","843.117"
"11","151:NI-BAPTA-50","46197","838.389"
"12","151:NI-BAPTA-55","46208","827.519"
"13","151:NI-BAPTA-60","46135","837.460"
"1","152:NI-BAPTA-00","43645","810.690"
"2","152:NI-BAPTA-05","43783","810.004"
"3","152:NI-BAPTA-10","43793","818.732"
"4","152:NI-BAPTA-15","43840","811.418"
"5","152:NI-BAPTA-20","43896","811.762"
"6","152:NI-BAPTA-25","43933","806.548"
"7","152:NI-BAPTA-30","43925","816.247"
"8","152:NI-BAPTA-35","43924","815.318"
"9","152:NI-BAPTA-40","43938","822.046"
"10","152:NI-BAPTA-45","43953","818.247"
"11","152:NI-BAPTA-50","43937","821.117"
"12","152:NI-BAPTA-55","43956","808.105"
"1","153:NI-BAPTA-00","43943","815.661"
"1","154:M1-BAPTA-00","43170","822.004"
"2","154:M1-BAPTA-05","43204","814.690"
"3","154:M1-BAPTA-10","43220","818.205"
"4","154:M1-BAPTA-15","43216","825.176"
"5","154:M1-BAPTA-20","43318","818.690"
"6","154:M1-BAPTA-25","43353","825.418"
"7","154:M1-BAPTA-30","43339","817.963"
"8","154:M1-BAPTA-35","43374","817.820"
"9","154:M1-BAPTA-40","43389","833.418"
"10","154:M1-BAPTA-45","43424","823.276"
"11","154:M1-BAPTA-50","43450","821.377"
"12","154:M1-BAPTA-55","43478","825.176"
"13","154:M1-BAPTA-60","43480","823.720"
"1","155:M1-BAPTA-00","40271","786.205"
"2","155:M1-BAPTA-05","40209","780.306"
"3","155:M1-BAPTA-10","40210","787.619"
"4","155:M1-BAPTA-15","40202","789.963"
"5","155:M1-BAPTA-20","40253","784.891"
"6","155:M1-BAPTA-25","40261","786.205"
"7","155:M1-BAPTA-30","40263","791.176"
"8","155:M1-BAPTA-35","40325","789.276"
"9","155:M1-BAPTA-40","40353","781.477"
"10","155:M1-BAPTA-45","40395","780.649"
"11","155:M1-BAPTA-50","40374","786.690"
"12","155:M1-BAPTA-55","40370","778.649"
"13","155:M1-BAPTA-60","40416","786.649"
"1","156:M1-BAPTA-00","31217","670.423"
"2","156:M1-BAPTA-05","31381","677.495"
"3","156:M1-BAPTA-10","31369","676.808"
"4","156:M1-BAPTA-15","31414","676.566"
"5","156:M1-BAPTA-20","31469","677.394"
"6","156:M1-BAPTA-25","31463","682.465"
"7","156:M1-BAPTA-30","31506","674.080"
"8","156:M1-BAPTA-35","31506","681.294"
"9","156:M1-BAPTA-40","31527","680.465"
"10","156:M1-BAPTA-45","31534","680.323"
"11","156:M1-BAPTA-50","31547","683.536"
"12","156:M1-BAPTA-55","31573","678.323"
"13","156:M1-BAPTA-60","31575","678.323"
"1","157:M1-BAPTA-00","36222","725.051"
"2","157:M1-BAPTA-05","36250","737.678"
"3","157:M1-BAPTA-10","36281","734.507"
"4","157:M1-BAPTA-15","36315","723.394"
"5","157:M1-BAPTA-20","36363","730.365"
"6","157:M1-BAPTA-25","36372","739.820"
"7","157:M1-BAPTA-30","36369","733.921"
"8","157:M1-BAPTA-35","36368","731.637"
"9","157:M1-BAPTA-40","36398","733.678"
"10","157:M1-BAPTA-45","36406","728.122"
"11","157:M1-BAPTA-50","36477","729.051"
"12","157:M1-BAPTA-55","36438","729.294"
"1","158:M1-BAPTA-00","36855","740.507"
"2","158:M1-BAPTA-05","36841","739.335"
"3","158:M1-BAPTA-10","36890","749.235"
"4","158:M1-BAPTA-15","36959","733.879"
"5","158:M1-BAPTA-20","37016","742.164"
"6","158:M1-BAPTA-25","37058","743.436"
"7","158:M1-BAPTA-30","37130","746.406"
"8","158:M1-BAPTA-35","37152","744.406"
"9","158:M1-BAPTA-40","37187","749.235"
"10","158:M1-BAPTA-45","37211","740.264"
"11","158:M1-BAPTA-50","37285","752.164"
"12","158:M1-BAPTA-55","37311","748.649"
"13","158:M1-BAPTA-60","37391","748.406"
"1","159:M1-BAPTA-00","38927","757.536"
"2","159:M1-BAPTA-05","38917","763.678"
"3","159:M1-BAPTA-10","38922","763.678"
"4","159:M1-BAPTA-15","38976","762.749"
"5","159:M1-BAPTA-20","39004","763.921"
"6","159:M1-BAPTA-25","39028","774.548"
"7","159:M1-BAPTA-30","39098","770.548"
"8","159:M1-BAPTA-35","39162","777.034"
"9","159:M1-BAPTA-40","39189","771.134"
"10","159:M1-BAPTA-45","39239","765.235"
"11","159:M1-BAPTA-50","39266","763.436"
"12","159:M1-BAPTA-55","39296","772.063"
"13","159:M1-BAPTA-60","39356","770.063"
"1","16:NI-ND-00","31517","679.737"
"2","16:NI-ND-05","32343","691.151"
"3","16:NI-ND-10","32371","690.423"
"4","16:NI-ND-15","32366","685.009"
"5","16:NI-ND-20","32404","685.352"
"6","16:NI-ND-25","32397","687.009"
"7","16:NI-ND-30","32387","687.595"
"8","16:NI-ND-35","32405","690.323"
"9","16:NI-ND-40","32422","689.737"
"10","16:NI-ND-45","32452","687.252"
"11","16:NI-ND-50","32446","685.352"
"12","16:NI-ND-55","32465","690.909"
"1","160:M1-BAPTA-00","33204","707.092"
"2","160:M1-BAPTA-05","33086","701.536"
"3","160:M1-BAPTA-10","33080","702.122"
"4","160:M1-BAPTA-15","33082","710.406"
"5","160:M1-BAPTA-20","33106","702.850"
"6","160:M1-BAPTA-25","33152","702.122"
"7","160:M1-BAPTA-30","33165","698.708"
"8","160:M1-BAPTA-35","33229","708.992"
"9","160:M1-BAPTA-40","33305","701.294"
"10","160:M1-BAPTA-45","33337","704.950"
"11","160:M1-BAPTA-50","33349","710.264"
"12","160:M1-BAPTA-55","33383","697.637"
"1","161:M1ex-BAPTA-00","28612","659.980"
"2","161:M1ex-BAPTA-05","28821","666.909"
"3","161:M1ex-BAPTA-10","28869","661.151"
"4","161:M1ex-BAPTA-15","28919","664.465"
"5","161:M1ex-BAPTA-20","28937","657.009"
"6","161:M1ex-BAPTA-25","28937","657.252"
"7","161:M1ex-BAPTA-30","28956","664.808"
"8","161:M1ex-BAPTA-35","28933","661.252"
"9","161:M1ex-BAPTA-40","28939","667.879"
"10","161:M1ex-BAPTA-45","28937","656.666"
"11","161:M1ex-BAPTA-50","28941","658.423"
"12","161:M1ex-BAPTA-55","28959","660.666"
"13","161:M1ex-BAPTA-60","28976","674.122"
"1","162:M1ex-BAPTA-00","43858","812.105"
"2","162:M1ex-BAPTA-05","44010","823.418"
"3","162:M1ex-BAPTA-10","43960","827.360"
"4","162:M1ex-BAPTA-15","43925","814.347"
"5","162:M1ex-BAPTA-20","43913","823.075"
"6","162:M1ex-BAPTA-25","43890","817.075"
"7","162:M1ex-BAPTA-30","43898","815.318"
"8","162:M1ex-BAPTA-35","43877","817.561"
"9","162:M1ex-BAPTA-40","43841","817.217"
"10","162:M1ex-BAPTA-45","43779","830.673"
"11","162:M1ex-BAPTA-50","43803","828.673"
"12","162:M1ex-BAPTA-55","43771","815.318"
"1","163:M1ex-BAPTA-00","29133","665.879"
"2","163:M1ex-BAPTA-05","29168","664.566"
"3","163:M1ex-BAPTA-10","29234","663.980"
"4","163:M1ex-BAPTA-15","29286","655.009"
"5","163:M1ex-BAPTA-20","29335","657.009"
"6","163:M1ex-BAPTA-25","29367","660.666"
"7","163:M1ex-BAPTA-30","29416","659.151"
"8","163:M1ex-BAPTA-35","29441","660.080"
"9","163:M1ex-BAPTA-40","29454","655.595"
"10","163:M1ex-BAPTA-45","29460","663.980"
"11","163:M1ex-BAPTA-50","29473","662.566"
"12","163:M1ex-BAPTA-55","29469","663.637"
"1","164:M1ex-BAPTA-00","31308","700.749"
"2","164:M1ex-BAPTA-05","31401","708.063"
"3","164:M1ex-BAPTA-10","31469","701.092"
"4","164:M1ex-BAPTA-15","31555","704.749"
"5","164:M1ex-BAPTA-20","31630","704.507"
"6","164:M1ex-BAPTA-25","31687","707.578"
"7","164:M1ex-BAPTA-30","31797","705.578"
"8","164:M1ex-BAPTA-35","31756","700.950"
"9","164:M1ex-BAPTA-40","31766","706.164"
"10","164:M1ex-BAPTA-45","31803","702.850"
"11","164:M1ex-BAPTA-50","31845","717.377"
"12","164:M1ex-BAPTA-55","31921","704.607"
"1","165:M1ex-BAPTA-00","34853","715.394"
"2","165:M1ex-BAPTA-05","35367","717.394"
"3","165:M1ex-BAPTA-10","35448","719.051"
"4","165:M1ex-BAPTA-15","35486","716.666"
"5","165:M1ex-BAPTA-20","35468","714.666"
"6","165:M1ex-BAPTA-25","35416","716.909"
"7","165:M1ex-BAPTA-30","35509","734.950"
"8","165:M1ex-BAPTA-35","35508","715.495"
"9","165:M1ex-BAPTA-40","35512","719.637"
"10","165:M1ex-BAPTA-45","35559","720.222"
"11","165:M1ex-BAPTA-50","35592","715.252"
"12","165:M1ex-BAPTA-55","35624","717.495"
"13","165:M1ex-BAPTA-60","35695","719.980"
"1","166:M1ex-BAPTA-00","32754","707.092"
"2","166:M1ex-BAPTA-05","32963","732.063"
"3","166:M1ex-BAPTA-10","33000","716.749"
"4","166:M1ex-BAPTA-15","32908","703.436"
"5","166:M1ex-BAPTA-20","32945","714.406"
"6","166:M1ex-BAPTA-25","32952","720.306"
"7","166:M1ex-BAPTA-30","32951","718.306"
"8","166:M1ex-BAPTA-35","32952","716.791"
"9","166:M1ex-BAPTA-40","33001","714.063"
"10","166:M1ex-BAPTA-45","33074","722.891"
"11","166:M1ex-BAPTA-50","33133","718.264"
"12","166:M1ex-BAPTA-55","33218","710.264"
"1","167:M1ex-BAPTA-00","35269","730.749"
"2","167:M1ex-BAPTA-05","35279","732.850"
"3","167:M1ex-BAPTA-10","35335","731.193"
"4","167:M1ex-BAPTA-15","35409","731.678"
"5","167:M1ex-BAPTA-20","35445","734.164"
"6","167:M1ex-BAPTA-25","35515","732.406"
"7","167:M1ex-BAPTA-30","35503","732.992"
"8","167:M1ex-BAPTA-35","35501","727.779"
"9","167:M1ex-BAPTA-40","35552","727.193"
"10","167:M1ex-BAPTA-45","35558","738.406"
"11","167:M1ex-BAPTA-50","35606","733.921"
"12","167:M1ex-BAPTA-55","35626","725.536"
"13","167:M1ex-BAPTA-60","35684","735.335"
"1","168:M1ex-BAPTA-00","35616","726.264"
"2","168:M1ex-BAPTA-05","35610","725.436"
"3","168:M1ex-BAPTA-10","35619","719.637"
"4","168:M1ex-BAPTA-15","35618","731.092"
"5","168:M1ex-BAPTA-20","35673","732.164"
"6","168:M1ex-BAPTA-25","35687","721.879"
"7","168:M1ex-BAPTA-30","35686","728.749"
"8","168:M1ex-BAPTA-35","35663","732.063"
"9","168:M1ex-BAPTA-40","35659","723.779"
"10","168:M1ex-BAPTA-45","35643","727.436"
"11","168:M1ex-BAPTA-50","35660","729.092"
"12","168:M1ex-BAPTA-55","35712","726.021"
"1","169:M1ex-K-00","34125","713.294"
"2","169:M1ex-K-05","34216","707.495"
"3","169:M1ex-K-10","34275","713.637"
"4","169:M1ex-K-15","34341","709.151"
"5","169:M1ex-K-20","34410","712.122"
"6","169:M1ex-K-25","34491","729.820"
"7","169:M1ex-K-30","34546","720.507"
"8","169:M1ex-K-35","34563","715.779"
"9","169:M1ex-K-40","34633","715.879"
"10","169:M1ex-K-45","34649","709.980"
"11","169:M1ex-K-50","34680","715.294"
"12","169:M1ex-K-55","34719","718.021"
"13","169:M1ex-K-60","34759","709.495"
"1","17:NI-ND-00","39322","766.649"
"2","17:NI-ND-05","39395","770.306"
"3","17:NI-ND-10","39428","765.335"
"4","17:NI-ND-15","39479","765.235"
"5","17:NI-ND-20","39484","770.306"
"6","17:NI-ND-25","39573","771.862"
"7","17:NI-ND-30","39538","762.264"
"8","17:NI-ND-35","39523","769.477"
"9","17:NI-ND-40","39582","772.690"
"10","17:NI-ND-45","39941","765.820"
"1","170:M1ex-K-00","34270","716.992"
"2","170:M1ex-K-05","34273","724.649"
"3","170:M1ex-K-10","34277","724.992"
"4","170:M1ex-K-15","34359","718.850"
"5","170:M1ex-K-20","34406","729.720"
"6","170:M1ex-K-25","34480","725.578"
"7","170:M1ex-K-30","34459","722.063"
"8","170:M1ex-K-35","34483","726.992"
"9","170:M1ex-K-40","34505","728.548"
"10","170:M1ex-K-45","34514","721.477"
"11","170:M1ex-K-50","34545","732.891"
"12","170:M1ex-K-55","34655","732.306"
"1","171:M1ex-K-00","41443","806.489"
"2","171:M1ex-K-05","41455","807.318"
"3","171:M1ex-K-10","41456","796.933"
"4","171:M1ex-K-15","41458","803.561"
"5","171:M1ex-K-20","41512","798.247"
"6","171:M1ex-K-25","41527","805.803"
"7","171:M1ex-K-30","41450","801.561"
"8","171:M1ex-K-35","41439","792.690"
"9","171:M1ex-K-40","41447","797.034"
"10","171:M1ex-K-45","41425","787.720"
"11","171:M1ex-K-50","41406","806.874"
"12","171:M1ex-K-55","41421","798.690"
"13","171:M1ex-K-60","41404","794.590"
"1","172:M1ex-K-00","34060","706.808"
"2","172:M1ex-K-05","34052","700.323"
"3","172:M1ex-K-10","34178","700.909"
"4","172:M1ex-K-15","34278","702.909"
"5","172:M1ex-K-20","34326","708.122"
"6","172:M1ex-K-25","34351","704.080"
"7","172:M1ex-K-30","34385","709.294"
"8","172:M1ex-K-35","34422","702.080"
"9","172:M1ex-K-40","34449","701.252"
"10","172:M1ex-K-45","34431","707.879"
"11","172:M1ex-K-50","34452","707.879"
"12","172:M1ex-K-55","34423","706.222"
"13","172:M1ex-K-60","34429","709.294"
"1","173:M1ex-K-00","32345","687.394"
"2","173:M1ex-K-05","32450","693.051"
"3","173:M1ex-K-10","32616","701.779"
"4","173:M1ex-K-15","32742","707.779"
"5","173:M1ex-K-20","32878","713.436"
"6","173:M1ex-K-25","32951","716.850"
"7","173:M1ex-K-30","33004","722.850"
"8","173:M1ex-K-35","33098","716.850"
"9","173:M1ex-K-40","33150","723.578"
"10","173:M1ex-K-45","33238","714.365"
"11","173:M1ex-K-50","33332","722.992"
"12","173:M1ex-K-55","33441","724.063"
"1","174:M1ex-K-00","41032","777.619"
"2","174:M1ex-K-05","41054","774.649"
"3","174:M1ex-K-10","41090","772.063"
"4","174:M1ex-K-15","41110","775.134"
"5","174:M1ex-K-20","41129","780.448"
"6","174:M1ex-K-25","41180","779.862"
"7","174:M1ex-K-30","41182","777.377"
"8","174:M1ex-K-35","41224","780.105"
"9","174:M1ex-K-40","41196","781.519"
"10","174:M1ex-K-45","41249","780.933"
"11","174:M1ex-K-50","41250","780.690"
"12","174:M1ex-K-55","41244","786.105"
"1","175:M1ex-K-00","41051","773.921"
"2","175:M1ex-K-05","41009","778.992"
"3","175:M1ex-K-10","40980","773.678"
"4","175:M1ex-K-15","40956","782.891"
"5","175:M1ex-K-20","40974","771.678"
"6","175:M1ex-K-25","40934","776.406"
"7","175:M1ex-K-30","40937","770.264"
"8","175:M1ex-K-35","40935","772.264"
"9","175:M1ex-K-40","40924","774.164"
"10","175:M1ex-K-45","40935","773.678"
"11","175:M1ex-K-50","40941","774.507"
"12","175:M1ex-K-55","40958","770.021"
"13","175:M1ex-K-60","40914","771.335"
"1","176:M1ex-K-00","39321","750.708"
"2","176:M1ex-K-05","39742","758.021"
"3","176:M1ex-K-10","40087","760.021"
"4","176:M1ex-K-15","40352","761.436"
"5","176:M1ex-K-20","40528","759.879"
"6","176:M1ex-K-25","40625","767.436"
"7","176:M1ex-K-30","40686","766.465"
"8","176:M1ex-K-35","40780","773.436"
"9","176:M1ex-K-40","40789","769.294"
"10","176:M1ex-K-45","40818","767.151"
"11","176:M1ex-K-50","40808","772.122"
"12","176:M1ex-K-55","40790","767.051"
"1","177:M1ex-K-00","35048","717.294"
"2","177:M1ex-K-05","34751","723.678"
"3","177:M1ex-K-10","33630","713.637"
"4","177:M1ex-K-15","33676","714.465"
"5","177:M1ex-K-20","33745","716.950"
"6","177:M1ex-K-25","33748","707.838"
"7","177:M1ex-K-30","33792","713.536"
"8","177:M1ex-K-35","33809","722.164"
"9","177:M1ex-K-40","33803","717.779"
"10","177:M1ex-K-45","33795","714.708"
"11","177:M1ex-K-50","33821","723.820"
"12","177:M1ex-K-55","33838","717.536"
"1","178:M1ex-K-00","36537","741.235"
"2","178:M1ex-K-05","36630","746.548"
"3","178:M1ex-K-10","36753","750.933"
"4","178:M1ex-K-15","36860","752.105"
"5","178:M1ex-K-20","36897","746.063"
"6","178:M1ex-K-25","36918","743.335"
"7","178:M1ex-K-30","36944","749.377"
"8","178:M1ex-K-35","37002","753.862"
"9","178:M1ex-K-40","37034","744.649"
"10","178:M1ex-K-45","37058","757.862"
"11","178:M1ex-K-50","37111","754.548"
"12","178:M1ex-K-55","37159","754.448"
"13","178:M1ex-K-60","37209","746.063"
"1","179:M1ex-K-00","33708","705.051"
"2","179:M1ex-K-05","33780","703.151"
"3","179:M1ex-K-10","33794","705.879"
"4","179:M1ex-K-15","33810","702.909"
"5","179:M1ex-K-20","33849","708.365"
"6","179:M1ex-K-25","33866","707.637"
"7","179:M1ex-K-30","33873","705.637"
"8","179:M1ex-K-35","33890","708.950"
"9","179:M1ex-K-40","33865","698.181"
"10","179:M1ex-K-45","33910","705.495"
"11","179:M1ex-K-50","33889","703.737"
"12","179:M1ex-K-55","33912","699.838"
"13","179:M1ex-K-60","33923","699.595"
"1","18:NI-ND-00","31158","680.080"
"2","18:NI-ND-05","31185","690.021"
"3","18:NI-ND-10","31197","680.323"
"4","18:NI-ND-15","31223","678.666"
"5","18:NI-ND-20","31227","678.909"
"6","18:NI-ND-25","31244","676.423"
"7","18:NI-ND-30","31253","673.696"
"8","18:NI-ND-35","31260","679.737"
"9","18:NI-ND-40","31281","678.666"
"10","18:NI-ND-45","31279","684.808"
"11","18:NI-ND-50","31303","684.222"
"12","18:NI-ND-55","31292","675.352"
"1","19:NI-ND-00","35287","726.607"
"2","19:NI-ND-05","35351","725.779"
"3","19:NI-ND-10","35327","722.122"
"4","19:NI-ND-15","35346","724.021"
"5","19:NI-ND-20","35367","719.536"
"6","19:NI-ND-25","35344","727.092"
"7","19:NI-ND-30","35375","730.406"
"8","19:NI-ND-35","35400","728.992"
"9","19:NI-ND-40","35421","727.921"
"10","19:NI-ND-45","35357","729.436"
"11","19:NI-ND-50","35383","723.436"
"12","19:NI-ND-55","35396","724.950"
"13","19:NI-ND-60","35396","726.021"
"1","2:NI-ND-00","37183","742.264"
"2","2:NI-ND-05","37212","742.992"
"3","2:NI-ND-10","37244","743.092"
"4","2:NI-ND-15","37255","745.134"
"5","2:NI-ND-20","37278","743.092"
"6","2:NI-ND-25","37301","749.963"
"7","2:NI-ND-30","37294","742.992"
"8","2:NI-ND-35","37292","735.193"
"9","2:NI-ND-40","37321","742.164"
"10","2:NI-ND-45","37357","753.276"
"11","2:NI-ND-50","37436","743.335"
"12","2:NI-ND-55","37467","746.063"
"13","2:NI-ND-60","37492","742.164"
"1","20:NI-ND-00","36607","729.536"
"2","20:NI-ND-05","36550","725.637"
"3","20:NI-ND-10","36513","727.051"
"4","20:NI-ND-15","36487","729.536"
"5","20:NI-ND-20","36461","725.637"
"6","20:NI-ND-25","36444","719.838"
"7","20:NI-ND-30","36418","729.779"
"8","20:NI-ND-35","36434","727.536"
"9","20:NI-ND-40","36451","733.678"
"10","20:NI-ND-45","36422","728.365"
"11","20:NI-ND-50","36404","721.737"
"12","20:NI-ND-55","36399","725.051"
"13","20:NI-ND-60","36387","725.637"
"1","21:M1-ND-00","34449","730.448"
"2","21:M1-ND-05","34322","721.963"
"3","21:M1-ND-10","34296","724.791"
"4","21:M1-ND-15","34252","719.820"
"5","21:M1-ND-20","34200","723.276"
"6","21:M1-ND-25","34187","715.335"
"7","21:M1-ND-30","34200","717.235"
"8","21:M1-ND-35","34123","719.134"
"9","21:M1-ND-40","34084","725.377"
"10","21:M1-ND-45","34071","720.891"
"11","21:M1-ND-50","34087","714.406"
"12","21:M1-ND-55","34080","714.063"
"1","22:M1-ND-00","31341","678.909"
"2","22:M1-ND-05","31270","695.578"
"3","22:M1-ND-10","31348","695.092"
"4","22:M1-ND-15","31350","688.850"
"5","22:M1-ND-20","31385","693.678"
"6","22:M1-ND-25","31396","690.264"
"7","22:M1-ND-30","31417","695.578"
"8","22:M1-ND-35","31394","691.436"
"9","22:M1-ND-40","31386","692.708"
"10","22:M1-ND-45","31461","684.808"
"11","22:M1-ND-50","31414","689.092"
"12","22:M1-ND-55","31470","694.749"
"13","22:M1-ND-60","31467","688.365"
"1","23:M1-ND-00","45867","825.176"
"2","23:M1-ND-05","45901","827.418"
"3","23:M1-ND-10","45897","826.247"
"4","23:M1-ND-15","45907","830.146"
"5","23:M1-ND-20","45918","831.075"
"6","23:M1-ND-25","45945","828.833"
"7","23:M1-ND-30","45980","832.004"
"8","23:M1-ND-35","46019","829.418"
"9","23:M1-ND-40","46042","826.833"
"10","23:M1-ND-45","46085","829.075"
"11","23:M1-ND-50","46149","835.561"
"12","23:M1-ND-55","46152","830.732"
"1","24:M1-ND-00","34807","720.850"
"2","24:M1-ND-05","34826","722.164"
"3","24:M1-ND-10","34847","731.820"
"4","24:M1-ND-15","34834","726.406"
"5","24:M1-ND-20","34900","729.578"
"6","24:M1-ND-25","34899","730.891"
"7","24:M1-ND-30","34919","728.992"
"8","24:M1-ND-35","34935","736.105"
"9","24:M1-ND-40","34991","731.477"
"10","24:M1-ND-45","34974","730.063"
"11","24:M1-ND-50","35007","733.619"
"12","24:M1-ND-55","35007","724.164"
"13","24:M1-ND-60","35015","730.205"
"1","25:M1-ND-00","27166","647.938"
"2","25:M1-ND-05","27092","651.838"
"3","25:M1-ND-10","27013","647.352"
"4","25:M1-ND-15","27018","644.281"
"5","25:M1-ND-20","26990","641.696"
"6","25:M1-ND-25","26978","649.009"
"7","25:M1-ND-30","26946","654.080"
"8","25:M1-ND-35","26912","649.737"
"9","25:M1-ND-40","26916","653.051"
"10","25:M1-ND-45","26911","649.252"
"11","25:M1-ND-50","26916","641.110"
"12","25:M1-ND-55","26913","652.566"
"13","25:M1-ND-60","26952","646.423"
"1","26:M1-ND-00","39827","781.720"
"2","26:M1-ND-05","39843","776.992"
"3","26:M1-ND-10","39781","781.619"
"4","26:M1-ND-15","39769","780.891"
"5","26:M1-ND-20","39781","784.548"
"6","26:M1-ND-25","39832","782.791"
"7","26:M1-ND-30","39813","773.921"
"8","26:M1-ND-35","39815","779.963"
"9","26:M1-ND-40","39879","791.963"
"10","26:M1-ND-45","39814","787.862"
"11","26:M1-ND-50","39794","777.235"
"12","26:M1-ND-55","39800","790.933"
"13","26:M1-ND-60","39856","779.477"
"1","27:M1-ND-00","31117","691.436"
"2","27:M1-ND-05","31053","699.092"
"3","27:M1-ND-10","31025","698.950"
"4","27:M1-ND-15","30913","685.495"
"5","27:M1-ND-20","30801","684.566"
"6","27:M1-ND-25","30752","683.637"
"7","27:M1-ND-30","30647","697.578"
"8","27:M1-ND-35","30514","676.323"
"9","27:M1-ND-40","30401","678.808"
"10","27:M1-ND-45","30299","692.164"
"11","27:M1-ND-50","30231","687.678"
"12","27:M1-ND-55","30177","688.607"
"13","27:M1-ND-60","30188","681.779"
"1","28:M1-ND-00","34017","719.092"
"2","28:M1-ND-05","33690","726.164"
"3","28:M1-ND-10","33870","744.933"
"4","28:M1-ND-15","34024","751.720"
"5","28:M1-ND-20","34263","752.205"
"6","28:M1-ND-25","34228","736.649"
"7","28:M1-ND-30","34093","734.992"
"8","28:M1-ND-35","34176","746.306"
"9","28:M1-ND-40","34251","754.933"
"10","28:M1-ND-45","34460","757.176"
"11","28:M1-ND-50","34547","763.134"
"12","28:M1-ND-55","34734","768.791"
"1","29:M1-ND-00","34009","759.820"
"2","29:M1-ND-05","33947","782.146"
"3","29:M1-ND-10","33927","782.833"
"4","29:M1-ND-15","34084","788.874"
"5","29:M1-ND-20","34213","773.762"
"6","29:M1-ND-25","34146","777.176"
"7","29:M1-ND-30","34184","780.933"
"8","29:M1-ND-35","34228","771.034"
"9","29:M1-ND-40","34293","788.632"
"10","29:M1-ND-45","34326","805.217"
"11","29:M1-ND-50","34403","782.833"
"12","29:M1-ND-55","34473","792.004"
"1","3:NI-ND-00","33158","701.779"
"2","3:NI-ND-05","33200","693.009"
"3","3:NI-ND-10","33195","696.423"
"4","3:NI-ND-15","33252","695.151"
"5","3:NI-ND-20","33277","694.423"
"6","3:NI-ND-25","33328","698.323"
"7","3:NI-ND-30","33370","699.151"
"8","3:NI-ND-35","33390","704.122"
"9","3:NI-ND-40","33391","695.495"
"10","3:NI-ND-45","33415","697.737"
"11","3:NI-ND-50","33414","691.938"
"12","3:NI-ND-55","33438","693.352"
"13","3:NI-ND-60","33457","694.181"
"1","30:M1-ND-00","38005","770.548"
"2","30:M1-ND-05","38077","769.377"
"3","30:M1-ND-10","38178","768.548"
"4","30:M1-ND-15","38195","754.507"
"5","30:M1-ND-20","38192","765.034"
"6","30:M1-ND-25","38199","767.963"
"7","30:M1-ND-30","38236","775.762"
"8","30:M1-ND-35","38287","759.235"
"9","30:M1-ND-40","38319","768.548"
"10","30:M1-ND-45","38342","770.690"
"11","30:M1-ND-50","38351","764.063"
"12","30:M1-ND-55","38389","772.933"
"13","30:M1-ND-60","38393","784.732"
"1","31:M1-ND-00","35598","737.335"
"2","31:M1-ND-05","35649","738.406"
"3","31:M1-ND-10","35638","735.536"
"4","31:M1-ND-15","35643","727.879"
"5","31:M1-ND-20","35646","732.264"
"6","31:M1-ND-25","35690","732.264"
"7","31:M1-ND-30","35665","732.021"
"8","31:M1-ND-35","35724","732.850"
"9","31:M1-ND-40","35779","730.465"
"10","31:M1-ND-45","35769","731.536"
"11","31:M1-ND-50","35799","730.950"
"12","31:M1-ND-55","35820","731.637"
"13","31:M1-ND-60","35983","737.294"
"1","32:M1-ND-00","34602","730.850"
"2","32:M1-ND-05","34616","722.507"
"3","32:M1-ND-10","34667","725.092"
"4","32:M1-ND-15","34678","722.507"
"5","32:M1-ND-20","34702","739.720"
"6","32:M1-ND-25","34740","727.578"
"7","32:M1-ND-30","34742","728.406"
"8","32:M1-ND-35","34790","718.708"
"9","32:M1-ND-40","34797","730.264"
"10","32:M1-ND-45","34812","725.921"
"11","32:M1-ND-50","34851","732.448"
"12","32:M1-ND-55","34884","722.950"
"1","33:M1-ND-00","35527","764.105"
"2","33:M1-ND-05","35558","758.891"
"3","33:M1-ND-10","35635","750.649"
"4","33:M1-ND-15","35660","755.134"
"5","33:M1-ND-20","35716","749.578"
"6","33:M1-ND-25","35696","748.021"
"7","33:M1-ND-30","35786","769.661"
"8","33:M1-ND-35","35838","753.477"
"9","33:M1-ND-40","35864","773.904"
"10","33:M1-ND-45","35957","753.963"
"11","33:M1-ND-50","35930","761.235"
"12","33:M1-ND-55","35958","759.134"
"1","34:M1-ND-00","29315","666.808"
"2","34:M1-ND-05","29315","666.323"
"3","34:M1-ND-10","29360","671.536"
"4","34:M1-ND-15","29324","670.808"
"5","34:M1-ND-20","29353","667.980"
"6","34:M1-ND-25","31851","696.021"
"7","34:M1-ND-30","31813","695.436"
"8","34:M1-ND-35","31783","696.607"
"1","35:M1-ND-00","35263","724.122"
"2","35:M1-ND-05","35218","723.879"
"3","35:M1-ND-10","35267","722.708"
"4","35:M1-ND-15","35269","715.252"
"5","35:M1-ND-20","35265","716.222"
"6","35:M1-ND-25","35279","718.222"
"7","35:M1-ND-30","35290","722.222"
"8","35:M1-ND-35","35290","721.637"
"9","35:M1-ND-40","35274","717.637"
"10","35:M1-ND-45","35278","719.737"
"11","35:M1-ND-50","35255","720.708"
"12","35:M1-ND-55","35284","719.051"
"13","35:M1-ND-60","35263","712.666"
"1","36:M1-ND-00","37652","744.992"
"2","36:M1-ND-05","37635","754.205"
"3","36:M1-ND-10","37629","747.720"
"4","36:M1-ND-15","37652","746.992"
"5","36:M1-ND-20","37668","753.519"
"6","36:M1-ND-25","37680","749.477"
"7","36:M1-ND-30","37711","747.477"
"8","36:M1-ND-35","37722","757.519"
"9","36:M1-ND-40","37755","753.134"
"10","36:M1-ND-45","37773","759.519"
"11","36:M1-ND-50","37787","752.306"
"12","36:M1-ND-55","37775","746.992"
"13","36:M1-ND-60","37778","751.377"
"1","37:M1-ND-00","37576","750.164"
"2","37:M1-ND-05","37582","744.264"
"3","37:M1-ND-10","37604","742.950"
"4","37:M1-ND-15","37658","754.306"
"5","37:M1-ND-20","37672","742.708"
"6","37:M1-ND-25","37717","747.092"
"7","37:M1-ND-30","37740","751.820"
"8","37:M1-ND-35","37717","750.891"
"9","37:M1-ND-40","37766","751.820"
"10","37:M1-ND-45","37745","755.235"
"11","37:M1-ND-50","37800","745.436"
"12","37:M1-ND-55","37810","747.921"
"1","38:M1-ND-00","32188","692.909"
"2","38:M1-ND-05","32012","683.110"
"3","38:M1-ND-10","31872","687.838"
"4","38:M1-ND-15","31806","683.352"
"5","38:M1-ND-20","31759","690.080"
"6","38:M1-ND-25","31697","688.666"
"7","38:M1-ND-30","31649","685.838"
"8","38:M1-ND-35","31643","689.838"
"9","38:M1-ND-40","31626","689.252"
"10","38:M1-ND-45","31600","680.039"
"11","38:M1-ND-50","31578","683.352"
"12","38:M1-ND-55","31568","686.666"
"1","39:M1-ND-00","32088","804.431"
"2","39:M1-ND-05","32065","806.389"
"3","39:M1-ND-10","32076","819.360"
"4","39:M1-ND-15","32099","819.016"
"5","39:M1-ND-20","32194","813.744"
"6","39:M1-ND-25","32049","785.904"
"7","39:M1-ND-30","32029","824.715"
"8","39:M1-ND-35","31967","842.472"
"9","39:M1-ND-40","32032","856.413"
"10","39:M1-ND-45","31966","847.401"
"11","39:M1-ND-50","31974","836.129"
"12","39:M1-ND-55","32027","820.230"
"1","4:NI-ND-00","38410","764.690"
"2","4:NI-ND-05","38397","768.347"
"3","4:NI-ND-10","38404","766.105"
"4","4:NI-ND-15","38415","775.904"
"5","4:NI-ND-20","38459","775.176"
"6","4:NI-ND-25","38449","771.075"
"7","4:NI-ND-30","38457","763.720"
"8","4:NI-ND-35","38470","769.418"
"9","4:NI-ND-40","38518","760.306"
"10","4:NI-ND-45","38528","760.791"
"11","4:NI-ND-50","38625","771.762"
"12","4:NI-ND-55","38591","770.004"
"1","40:M1-ND-00","35511","822.833"
"2","40:M1-ND-05","36768","859.845"
"3","40:M1-ND-10","37711","867.703"
"4","40:M1-ND-15","38818","892.531"
"5","40:M1-ND-20","39972","937.928"
"6","40:M1-ND-25","40619","952.756"
"7","40:M1-ND-30","41037","970.555"
"8","40:M1-ND-35","41341","963.342"
"9","40:M1-ND-40","41618","978.455"
"10","40:M1-ND-45","41891","975.928"
"11","40:M1-ND-50","42062","985.869"
"12","40:M1-ND-55","42213","990.070"
"13","40:M1-ND-60","42354","995.283"
"1","41:M1ex-ND-00","31556","679.495"
"2","41:M1ex-ND-05","31557","686.950"
"3","41:M1ex-ND-10","31466","676.909"
"4","41:M1ex-ND-15","31456","679.838"
"5","41:M1ex-ND-20","31559","687.838"
"6","41:M1ex-ND-25","31521","695.394"
"7","41:M1ex-ND-30","31535","690.808"
"8","41:M1ex-ND-35","31549","689.595"
"9","41:M1ex-ND-40","31480","694.323"
"10","41:M1ex-ND-45","31477","687.595"
"11","41:M1ex-ND-50","31438","696.808"
"12","41:M1ex-ND-55","31389","696.708"
"13","41:M1ex-ND-60","31383","699.536"
"1","42:NI-0Ca-00","33183","707.092"
"2","42:NI-0Ca-05","33172","704.607"
"3","42:NI-0Ca-10","33153","702.950"
"4","42:NI-0Ca-15","33158","699.879"
"5","42:NI-0Ca-20","33193","699.879"
"6","42:NI-0Ca-25","33183","709.678"
"7","42:NI-0Ca-30","33234","698.465"
"8","42:NI-0Ca-35","33231","704.708"
"9","42:NI-0Ca-40","33231","705.294"
"10","42:NI-0Ca-45","33250","702.222"
"11","42:NI-0Ca-50","33241","700.222"
"12","42:NI-0Ca-55","33258","704.122"
"13","42:NI-0Ca-60","33296","706.021"
"1","43:NI-0Ca-00","36188","730.365"
"2","43:NI-0Ca-05","36159","720.909"
"3","43:NI-0Ca-10","36168","726.222"
"4","43:NI-0Ca-15","36182","721.980"
"5","43:NI-0Ca-20","36174","729.536"
"6","43:NI-0Ca-25","36192","717.595"
"7","43:NI-0Ca-30","36209","722.566"
"8","43:NI-0Ca-35","36206","723.637"
"9","43:NI-0Ca-40","36201","723.394"
"10","43:NI-0Ca-45","36197","725.637"
"11","43:NI-0Ca-50","36213","722.566"
"12","43:NI-0Ca-55","36217","725.051"
"13","43:NI-0Ca-60","36246","726.708"
"1","44:NI-0Ca-00","41066","768.850"
"2","44:NI-0Ca-05","41071","773.921"
"3","44:NI-0Ca-10","41042","769.092"
"4","44:NI-0Ca-15","41070","774.063"
"5","44:NI-0Ca-20","41087","771.921"
"6","44:NI-0Ca-25","41081","767.193"
"7","44:NI-0Ca-30","41104","768.850"
"8","44:NI-0Ca-35","41081","774.164"
"9","44:NI-0Ca-40","41105","776.164"
"10","44:NI-0Ca-45","41125","770.607"
"11","44:NI-0Ca-50","41151","766.365"
"12","44:NI-0Ca-55","41152","772.850"
"13","44:NI-0Ca-60","41171","768.850"
"1","45:NI-0Ca-00","34597","717.294"
"2","45:NI-0Ca-05","34679","720.021"
"3","45:NI-0Ca-10","34627","726.264"
"4","45:NI-0Ca-15","34676","720.365"
"5","45:NI-0Ca-20","34731","715.051"
"6","45:NI-0Ca-25","34714","722.021"
"7","45:NI-0Ca-30","34759","712.323"
"8","45:NI-0Ca-35","34719","710.666"
"9","45:NI-0Ca-40","34748","718.122"
"10","45:NI-0Ca-45","34754","714.808"
"11","45:NI-0Ca-50","34767","716.465"
"12","45:NI-0Ca-55","34798","717.637"
"1","46:NI-0Ca-00","43354","807.075"
"2","46:NI-0Ca-05","43718","820.632"
"3","46:NI-0Ca-10","43871","806.347"
"4","46:NI-0Ca-15","43903","805.519"
"5","46:NI-0Ca-20","43974","809.276"
"6","46:NI-0Ca-25","43975","810.448"
"7","46:NI-0Ca-30","43971","810.247"
"8","46:NI-0Ca-35","43983","818.975"
"9","46:NI-0Ca-40","44039","815.904"
"10","46:NI-0Ca-45","44027","814.146"
"11","46:NI-0Ca-50","44028","810.489"
"12","46:NI-0Ca-55","44031","810.004"
"1","47:NI-0Ca-00","31247","675.838"
"2","47:NI-0Ca-05","31321","668.382"
"3","47:NI-0Ca-10","31385","676.867"
"4","47:NI-0Ca-15","31445","695.938"
"5","47:NI-0Ca-20","31468","668.382"
"6","47:NI-0Ca-25","31597","668.725"
"7","47:NI-0Ca-30","31592","672.039"
"8","47:NI-0Ca-35","31622","672.281"
"9","47:NI-0Ca-40","31649","670.624"
"10","47:NI-0Ca-45","31665","677.595"
"11","47:NI-0Ca-50","31666","672.624"
"12","47:NI-0Ca-55","31673","678.423"
"1","48:NI-0Ca-00","37881","754.063"
"2","48:NI-0Ca-05","37901","749.335"
"3","48:NI-0Ca-10","37885","752.406"
"4","48:NI-0Ca-15","37889","763.862"
"5","48:NI-0Ca-20","37919","746.950"
"6","48:NI-0Ca-25","37945","757.578"
"7","48:NI-0Ca-30","37887","758.306"
"8","48:NI-0Ca-35","37925","757.963"
"9","48:NI-0Ca-40","37939","755.235"
"10","48:NI-0Ca-45","37924","757.963"
"11","48:NI-0Ca-50","37942","763.377"
"12","48:NI-0Ca-55","37947","757.820"
"1","49:NI-0Ca-00","33258","702.808"
"2","49:NI-0Ca-05","33259","723.921"
"3","49:NI-0Ca-10","33245","714.950"
"4","49:NI-0Ca-15","33210","717.294"
"5","49:NI-0Ca-20","33234","714.465"
"6","49:NI-0Ca-25","33283","730.306"
"7","49:NI-0Ca-30","33320","716.021"
"8","49:NI-0Ca-35","33309","724.264"
"9","49:NI-0Ca-40","33339","723.921"
"10","49:NI-0Ca-45","33332","712.909"
"11","49:NI-0Ca-50","33357","712.808"
"12","49:NI-0Ca-55","33383","711.879"
"1","5:NI-ND-00","35714","731.820"
"2","5:NI-ND-05","35700","735.963"
"3","5:NI-ND-10","35677","728.164"
"4","5:NI-ND-15","35724","725.193"
"5","5:NI-ND-20","35733","728.749"
"6","5:NI-ND-25","35739","724.465"
"7","5:NI-ND-30","35733","737.034"
"8","5:NI-ND-35","35759","738.791"
"9","5:NI-ND-40","35766","739.862"
"10","5:NI-ND-45","35751","739.720"
"11","5:NI-ND-50","35800","731.578"
"12","5:NI-ND-55","35805","728.507"
"1","50:NI-0Ca-00","32897","694.566"
"2","50:NI-0Ca-05","32995","712.649"
"3","50:NI-0Ca-10","33890","711.436"
"4","50:NI-0Ca-15","35482","726.749"
"5","50:NI-0Ca-20","35533","723.779"
"6","50:NI-0Ca-25","35541","723.536"
"7","50:NI-0Ca-30","35600","722.365"
"8","50:NI-0Ca-35","35628","728.164"
"9","50:NI-0Ca-40","35690","725.193"
"10","50:NI-0Ca-45","35696","723.193"
"11","50:NI-0Ca-50","35722","724.950"
"12","50:NI-0Ca-55","35757","724.607"
"13","50:NI-0Ca-60","35794","725.294"
"1","51:NI-0Ca-00","33253","693.938"
"2","51:NI-0Ca-05","33134","682.139"
"3","51:NI-0Ca-10","32966","689.838"
"4","51:NI-0Ca-15","32545","685.595"
"5","51:NI-0Ca-20","32420","685.495"
"6","51:NI-0Ca-25","32460","684.181"
"7","51:NI-0Ca-30","32418","682.524"
"8","51:NI-0Ca-35","32424","680.039"
"9","51:NI-0Ca-40","32443","678.139"
"10","51:NI-0Ca-45","32476","684.423"
"11","51:NI-0Ca-50","32491","680.039"
"12","51:NI-0Ca-55","32463","683.938"
"1","52:NI-0Ca-00","36850","738.749"
"2","52:NI-0Ca-05","37019","736.021"
"3","52:NI-0Ca-10","37045","739.921"
"4","52:NI-0Ca-15","37114","747.377"
"5","52:NI-0Ca-20","37160","746.649"
"6","52:NI-0Ca-25","37186","741.921"
"7","52:NI-0Ca-30","37227","737.779"
"8","52:NI-0Ca-35","37252","748.306"
"9","52:NI-0Ca-40","37286","744.507"
"10","52:NI-0Ca-45","37320","744.649"
"11","52:NI-0Ca-50","37381","747.820"
"12","52:NI-0Ca-55","37394","741.921"
"13","52:NI-0Ca-60","37449","750.063"
"1","53:NI-0Ca-00","37038","738.264"
"2","53:NI-0Ca-05","37100","748.548"
"3","53:NI-0Ca-10","37090","736.264"
"4","53:NI-0Ca-15","37047","745.377"
"5","53:NI-0Ca-20","37034","738.850"
"6","53:NI-0Ca-25","37048","744.891"
"7","53:NI-0Ca-30","37027","746.063"
"8","53:NI-0Ca-35","37021","741.335"
"9","53:NI-0Ca-40","36986","746.063"
"10","53:NI-0Ca-45","36981","748.406"
"11","53:NI-0Ca-50","36984","747.235"
"12","53:NI-0Ca-55","36974","745.578"
"1","54:NI-0Ca-00","36806","736.021"
"2","54:NI-0Ca-05","36846","746.205"
"3","54:NI-0Ca-10","36835","751.519"
"4","54:NI-0Ca-15","36821","747.235"
"5","54:NI-0Ca-20","36771","746.649"
"6","54:NI-0Ca-25","36801","739.335"
"7","54:NI-0Ca-30","36927","742.264"
"8","54:NI-0Ca-35","37021","737.294"
"9","54:NI-0Ca-40","36927","746.063"
"10","54:NI-0Ca-45","36843","738.507"
"11","54:NI-0Ca-50","37038","745.436"
"12","54:NI-0Ca-55","37058","744.406"
"1","55:NI-0Ca-00","36384","746.891"
"2","55:NI-0Ca-05","36382","746.306"
"3","55:NI-0Ca-10","36425","752.548"
"4","55:NI-0Ca-15","36406","738.507"
"5","55:NI-0Ca-20","36451","740.507"
"6","55:NI-0Ca-25","36462","748.649"
"7","55:NI-0Ca-30","36496","737.294"
"8","55:NI-0Ca-35","36540","741.335"
"9","55:NI-0Ca-40","36561","748.891"
"10","55:NI-0Ca-45","36569","742.649"
"11","55:NI-0Ca-50","36618","744.992"
"12","55:NI-0Ca-55","36645","746.063"
"13","55:NI-0Ca-60","36686","738.850"
"1","56:NI-0Ca-00","37120","733.879"
"2","56:NI-0Ca-05","37318","736.950"
"3","56:NI-0Ca-10","37270","732.808"
"4","56:NI-0Ca-15","37263","736.950"
"5","56:NI-0Ca-20","37239","735.294"
"6","56:NI-0Ca-25","37251","740.850"
"7","56:NI-0Ca-30","37232","736.708"
"8","56:NI-0Ca-35","37234","741.092"
"9","56:NI-0Ca-40","37181","737.536"
"10","56:NI-0Ca-45","37166","736.365"
"11","56:NI-0Ca-50","37184","742.264"
"12","56:NI-0Ca-55","37144","737.536"
"13","56:NI-0Ca-60","37157","736.950"
"1","57:NI-0Ca-00","30816","668.767"
"2","57:NI-0Ca-05","30817","671.009"
"3","57:NI-0Ca-10","30832","677.394"
"4","57:NI-0Ca-15","30820","679.980"
"5","57:NI-0Ca-20","30853","677.252"
"6","57:NI-0Ca-25","30847","686.021"
"7","57:NI-0Ca-30","30836","671.838"
"8","57:NI-0Ca-35","30861","673.838"
"9","57:NI-0Ca-40","30890","673.252"
"10","57:NI-0Ca-45","30896","674.080"
"11","57:NI-0Ca-50","30884","675.495"
"12","57:NI-0Ca-55","30900","672.080"
"1","58:NI-0Ca-00","34890","725.678"
"2","58:NI-0Ca-05","34905","717.737"
"3","58:NI-0Ca-10","34925","720.708"
"4","58:NI-0Ca-15","34940","723.536"
"5","58:NI-0Ca-20","34962","723.436"
"6","58:NI-0Ca-25","34997","719.394"
"7","58:NI-0Ca-30","35005","716.808"
"8","58:NI-0Ca-35","35036","722.708"
"9","58:NI-0Ca-40","35063","727.921"
"10","58:NI-0Ca-45","35123","721.879"
"11","58:NI-0Ca-50","35077","726.507"
"12","58:NI-0Ca-55","35033","729.193"
"13","58:NI-0Ca-60","35075","724.708"
"1","59:NI-0Ca-00","35012","712.808"
"2","59:NI-0Ca-05","35291","707.595"
"3","59:NI-0Ca-10","35261","710.080"
"4","59:NI-0Ca-15","35295","708.181"
"5","59:NI-0Ca-20","35317","710.666"
"6","59:NI-0Ca-25","35317","711.737"
"7","59:NI-0Ca-30","35348","713.151"
"8","59:NI-0Ca-35","35364","711.252"
"9","59:NI-0Ca-40","35364","710.423"
"10","59:NI-0Ca-45","35354","712.080"
"11","59:NI-0Ca-50","35400","714.566"
"12","59:NI-0Ca-55","35392","716.808"
"1","6:NI-ND-00","41102","780.306"
"2","6:NI-ND-05","41044","778.063"
"3","6:NI-ND-10","41050","778.063"
"4","6:NI-ND-15","41006","774.164"
"5","6:NI-ND-20","40951","777.820"
"6","6:NI-ND-25","40977","779.477"
"7","6:NI-ND-30","40964","773.092"
"8","6:NI-ND-35","40917","774.992"
"9","6:NI-ND-40","40919","776.063"
"10","6:NI-ND-45","40908","776.649"
"11","6:NI-ND-50","40915","785.134"
"12","6:NI-ND-55","40923","781.134"
"13","6:NI-ND-60","40920","785.862"
"1","60:NI-0Ca-00","34415","716.607"
"2","60:NI-0Ca-05","34575","716.950"
"3","60:NI-0Ca-10","34631","722.264"
"4","60:NI-0Ca-15","34664","718.850"
"5","60:NI-0Ca-20","34725","712.909"
"6","60:NI-0Ca-25","34726","720.264"
"7","60:NI-0Ca-30","34791","730.306"
"8","60:NI-0Ca-35","34807","728.992"
"9","60:NI-0Ca-40","34865","726.749"
"10","60:NI-0Ca-45","34863","724.507"
"11","60:NI-0Ca-50","34924","727.578"
"12","60:NI-0Ca-55","34924","725.578"
"13","60:NI-0Ca-60","34957","726.264"
"1","61:NI-0Ca-00","36890","735.193"
"2","61:NI-0Ca-05","36782","745.720"
"3","61:NI-0Ca-10","36752","748.548"
"4","61:NI-0Ca-15","36762","744.891"
"5","61:NI-0Ca-20","36789","742.507"
"6","61:NI-0Ca-25","36798","747.134"
"7","61:NI-0Ca-30","36841","741.678"
"8","61:NI-0Ca-35","36855","744.992"
"9","61:NI-0Ca-40","36823","756.347"
"10","61:NI-0Ca-45","36874","749.477"
"11","61:NI-0Ca-50","36886","744.749"
"12","61:NI-0Ca-55","36901","749.477"
"13","61:NI-0Ca-60","36865","741.820"
"1","62:NI-0Ca-00","36912","736.021"
"2","62:NI-0Ca-05","36936","746.548"
"1","63:NI-0Ca-00","36110","737.921"
"2","63:NI-0Ca-05","36322","744.063"
"3","63:NI-0Ca-10","36465","751.034"
"4","63:NI-0Ca-15","36620","751.134"
"5","63:NI-0Ca-20","36671","755.134"
"6","63:NI-0Ca-25","36723","753.134"
"7","63:NI-0Ca-30","36768","756.791"
"8","63:NI-0Ca-35","36816","754.992"
"9","63:NI-0Ca-40","36897","746.264"
"10","63:NI-0Ca-45","36885","754.548"
"11","63:NI-0Ca-50","36984","751.820"
"12","63:NI-0Ca-55","36989","748.406"
"13","63:NI-0Ca-60","37065","750.548"
"1","64:NI-0Ca-00","38778","764.649"
"2","64:NI-0Ca-05","39054","770.791"
"3","64:NI-0Ca-10","39051","762.507"
"4","64:NI-0Ca-15","39045","767.477"
"5","64:NI-0Ca-20","39085","760.021"
"6","64:NI-0Ca-25","39092","763.678"
"7","64:NI-0Ca-30","39075","766.306"
"8","64:NI-0Ca-35","39073","765.477"
"9","64:NI-0Ca-40","39088","771.276"
"10","64:NI-0Ca-45","39118","771.134"
"11","64:NI-0Ca-50","39099","767.477"
"12","64:NI-0Ca-55","39095","764.406"
"1","65:NI-0Ca-00","31005","679.980"
"2","65:NI-0Ca-05","31106","683.637"
"3","65:NI-0Ca-10","31158","680.808"
"4","65:NI-0Ca-15","31165","681.637"
"5","65:NI-0Ca-20","31226","677.151"
"6","65:NI-0Ca-25","31254","681.637"
"7","65:NI-0Ca-30","31271","692.406"
"8","65:NI-0Ca-35","31304","681.051"
"9","65:NI-0Ca-40","31349","686.708"
"10","65:NI-0Ca-45","31381","691.678"
"11","65:NI-0Ca-50","31408","689.436"
"12","65:NI-0Ca-55","31424","684.566"
"13","65:NI-0Ca-60","31455","685.536"
"1","66:M1-0Ca-00","43708","816.531"
"2","66:M1-0Ca-05","43764","816.774"
"3","66:M1-0Ca-10","43796","818.774"
"4","66:M1-0Ca-15","43773","829.058"
"5","66:M1-0Ca-20","43749","825.259"
"6","66:M1-0Ca-25","43707","822.431"
"7","66:M1-0Ca-30","43681","824.431"
"8","66:M1-0Ca-35","43681","818.431"
"9","66:M1-0Ca-40","43707","825.159"
"10","66:M1-0Ca-45","43723","821.845"
"11","66:M1-0Ca-50","43719","823.945"
"12","66:M1-0Ca-55","43726","825.159"
"13","66:M1-0Ca-60","43713","819.016"
"1","67:M1-0Ca-00","30140","680.808"
"2","67:M1-0Ca-05","30094","672.423"
"3","67:M1-0Ca-10","30316","686.708"
"4","67:M1-0Ca-15","30414","689.193"
"5","67:M1-0Ca-20","30445","688.607"
"6","67:M1-0Ca-25","30454","683.394"
"7","67:M1-0Ca-30","30511","683.879"
"8","67:M1-0Ca-35","30528","690.607"
"9","67:M1-0Ca-40","30539","689.536"
"10","67:M1-0Ca-45","30605","696.850"
"11","67:M1-0Ca-50","30622","689.536"
"12","67:M1-0Ca-55","30611","682.566"
"1","68:M1-0Ca-00","31179","685.051"
"2","68:M1-0Ca-05","31231","699.921"
"3","68:M1-0Ca-10","31269","693.335"
"4","68:M1-0Ca-15","31255","689.536"
"5","68:M1-0Ca-20","31272","703.578"
"6","68:M1-0Ca-25","31292","707.134"
"7","68:M1-0Ca-30","31295","702.264"
"8","68:M1-0Ca-35","31309","698.992"
"9","68:M1-0Ca-40","31334","695.678"
"10","68:M1-0Ca-45","31348","694.406"
"11","68:M1-0Ca-50","31350","698.507"
"12","68:M1-0Ca-55","31369","703.477"
"1","69:M1-0Ca-00","37918","747.193"
"2","69:M1-0Ca-05","37911","755.235"
"3","69:M1-0Ca-10","37994","750.850"
"4","69:M1-0Ca-15","38070","759.134"
"5","69:M1-0Ca-20","38060","758.548"
"6","69:M1-0Ca-25","38102","755.477"
"7","69:M1-0Ca-30","38147","749.335"
"8","69:M1-0Ca-35","38185","750.021"
"9","69:M1-0Ca-40","38220","764.063"
"10","69:M1-0Ca-45","38257","753.578"
"11","69:M1-0Ca-50","38331","767.418"
"12","69:M1-0Ca-55","38376","756.891"
"13","69:M1-0Ca-60","38433","755.235"
"1","7:NI-ND-00","40776","811.075"
"2","7:NI-ND-05","40759","806.975"
"3","7:NI-ND-10","40685","815.904"
"4","7:NI-ND-15","40633","809.561"
"5","7:NI-ND-20","40694","790.791"
"6","7:NI-ND-25","40785","814.489"
"7","7:NI-ND-30","40715","808.146"
"8","7:NI-ND-35","40768","801.075"
"9","7:NI-ND-40","40721","803.904"
"10","7:NI-ND-45","40715","816.188"
"11","7:NI-ND-50","40711","811.217"
"12","7:NI-ND-55","40739","807.661"
"13","7:NI-ND-60","40831","814.188"
"1","70:M1-0Ca-00","32277","700.507"
"2","70:M1-0Ca-05","33118","709.963"
"3","70:M1-0Ca-10","33241","706.021"
"4","70:M1-0Ca-15","33251","717.034"
"5","70:M1-0Ca-20","33383","711.477"
"6","70:M1-0Ca-25","33604","726.406"
"7","70:M1-0Ca-30","33772","748.933"
"8","70:M1-0Ca-35","33926","744.891"
"9","70:M1-0Ca-40","34013","757.176"
"10","70:M1-0Ca-45","33901","743.963"
"11","70:M1-0Ca-50","33861","746.933"
"12","70:M1-0Ca-55","33818","739.377"
"13","70:M1-0Ca-60","33958","742.649"
"1","71:M1-0Ca-00","34615","726.406"
"2","71:M1-0Ca-05","34733","726.406"
"3","71:M1-0Ca-10","34815","717.779"
"4","71:M1-0Ca-15","34929","724.749"
"5","71:M1-0Ca-20","34973","733.963"
"6","71:M1-0Ca-25","35035","737.720"
"7","71:M1-0Ca-30","35046","729.720"
"8","71:M1-0Ca-35","35112","729.235"
"9","71:M1-0Ca-40","35141","722.950"
"10","71:M1-0Ca-45","35174","727.335"
"11","71:M1-0Ca-50","35181","725.092"
"12","71:M1-0Ca-55","35224","739.034"
"1","72:M1-0Ca-00","37277","744.992"
"2","72:M1-0Ca-05","37522","745.092"
"3","72:M1-0Ca-10","37523","748.406"
"4","72:M1-0Ca-15","37576","743.578"
"5","72:M1-0Ca-20","37568","745.335"
"6","72:M1-0Ca-25","37541","751.235"
"7","72:M1-0Ca-30","37537","746.992"
"8","72:M1-0Ca-35","37563","743.921"
"9","72:M1-0Ca-40","37587","752.891"
"10","72:M1-0Ca-45","37594","747.678"
"11","72:M1-0Ca-50","37596","751.335"
"12","72:M1-0Ca-55","37629","747.578"
"13","72:M1-0Ca-60","37609","752.507"
"1","73:M1-0Ca-00","37127","753.477"
"2","73:M1-0Ca-05","37188","760.548"
"3","73:M1-0Ca-10","37263","759.134"
"4","73:M1-0Ca-15","37316","756.649"
"5","73:M1-0Ca-20","37355","751.578"
"6","73:M1-0Ca-25","37396","761.963"
"7","73:M1-0Ca-30","37405","768.690"
"8","73:M1-0Ca-35","37417","757.619"
"9","73:M1-0Ca-40","37427","743.637"
"10","73:M1-0Ca-45","37454","756.891"
"11","73:M1-0Ca-50","37442","757.477"
"12","73:M1-0Ca-55","37455","762.548"
"13","73:M1-0Ca-60","37457","757.963"
"1","74:M1-0Ca-00","40705","776.548"
"2","74:M1-0Ca-05","40807","781.619"
"3","74:M1-0Ca-10","40859","785.862"
"4","74:M1-0Ca-15","40914","777.477"
"5","74:M1-0Ca-20","40989","782.306"
"6","74:M1-0Ca-25","41020","787.034"
"7","74:M1-0Ca-30","41056","787.762"
"8","74:M1-0Ca-35","41060","779.235"
"9","74:M1-0Ca-40","41059","782.205"
"10","74:M1-0Ca-45","41118","781.134"
"11","74:M1-0Ca-50","41148","788.548"
"12","74:M1-0Ca-55","41166","789.176"
"13","74:M1-0Ca-60","41221","790.105"
"1","75:M1-0Ca-00","38175","765.134"
"2","75:M1-0Ca-05","38274","767.720"
"3","75:M1-0Ca-10","38413","767.963"
"4","75:M1-0Ca-15","38425","767.134"
"5","75:M1-0Ca-20","38493","771.720"
"6","75:M1-0Ca-25","38510","771.720"
"7","75:M1-0Ca-30","38584","774.690"
"8","75:M1-0Ca-35","38674","776.247"
"9","75:M1-0Ca-40","38734","772.205"
"10","75:M1-0Ca-45","38772","774.690"
"11","75:M1-0Ca-50","38849","775.862"
"12","75:M1-0Ca-55","38949","775.377"
"13","75:M1-0Ca-60","38986","781.762"
"1","76:M1-0Ca-00","32459","687.151"
"2","76:M1-0Ca-05","32792","679.210"
"3","76:M1-0Ca-10","32821","683.110"
"4","76:M1-0Ca-15","32846","678.968"
"5","76:M1-0Ca-20","32897","682.281"
"6","76:M1-0Ca-25","32921","683.110"
"7","76:M1-0Ca-30","32959","683.696"
"8","76:M1-0Ca-35","32975","685.110"
"9","76:M1-0Ca-40","32999","686.181"
"10","76:M1-0Ca-45","33002","682.039"
"11","76:M1-0Ca-50","33046","687.009"
"12","76:M1-0Ca-55","33076","682.867"
"13","76:M1-0Ca-60","33107","684.524"
"1","77:M1-0Ca-00","32431","695.980"
"2","77:M1-0Ca-05","32389","691.637"
"3","77:M1-0Ca-10","32353","694.365"
"4","77:M1-0Ca-15","32328","695.637"
"5","77:M1-0Ca-20","32319","693.637"
"6","77:M1-0Ca-25","32314","694.323"
"7","77:M1-0Ca-30","32301","695.294"
"8","77:M1-0Ca-35","32305","699.193"
"9","77:M1-0Ca-40","32282","694.708"
"10","77:M1-0Ca-45","32288","687.980"
"11","77:M1-0Ca-50","32258","690.808"
"12","77:M1-0Ca-55","32224","690.566"
"1","78:M1-0Ca-00","32256","687.980"
"1","79:M1ex-0Ca-00","41565","785.963"
"2","79:M1ex-0Ca-05","42035","802.690"
"3","79:M1ex-0Ca-10","42263","802.590"
"4","79:M1ex-0Ca-15","42292","810.531"
"5","79:M1ex-0Ca-20","42201","799.862"
"6","79:M1ex-0Ca-25","42411","809.117"
"7","79:M1ex-0Ca-30","42692","833.744"
"8","79:M1ex-0Ca-35","43003","836.916"
"9","79:M1ex-0Ca-40","43284","842.431"
"10","79:M1ex-0Ca-45","43449","846.472"
"11","79:M1ex-0Ca-50","43727","848.916"
"12","79:M1ex-0Ca-55","43814","858.230"
"1","8:NI-ND-00","34057","712.365"
"2","8:NI-ND-05","34058","714.021"
"3","8:NI-ND-10","34098","706.950"
"4","8:NI-ND-15","34130","714.850"
"5","8:NI-ND-20","34126","710.950"
"6","8:NI-ND-25","34157","712.264"
"7","8:NI-ND-30","34185","708.222"
"8","8:NI-ND-35","34156","719.820"
"9","8:NI-ND-40","34207","718.264"
"10","8:NI-ND-45","34224","713.678"
"11","8:NI-ND-50","34193","713.193"
"12","8:NI-ND-55","34193","710.708"
"13","8:NI-ND-60","34239","723.092"
"1","80:M1ex-0Ca-00","33664","730.105"
"2","80:M1ex-0Ca-05","33882","720.507"
"3","80:M1ex-0Ca-10","33937","719.436"
"4","80:M1ex-0Ca-15","33973","718.850"
"5","80:M1ex-0Ca-20","34064","722.264"
"6","80:M1ex-0Ca-25","34096","721.193"
"7","80:M1ex-0Ca-30","34075","719.193"
"8","80:M1ex-0Ca-35","34112","718.607"
"9","80:M1ex-0Ca-40","34116","720.021"
"10","80:M1ex-0Ca-45","34114","731.519"
"11","80:M1ex-0Ca-50","34114","729.335"
"12","80:M1ex-0Ca-55","34143","733.720"
"13","80:M1ex-0Ca-60","34141","728.264"
"1","81:M1ex-0Ca-00","38538","753.092"
"2","81:M1ex-0Ca-05","38702","754.607"
"3","81:M1ex-0Ca-10","38879","766.791"
"4","81:M1ex-0Ca-15","39066","774.548"
"5","81:M1ex-0Ca-20","39153","775.519"
"6","81:M1ex-0Ca-25","39245","771.720"
"7","81:M1ex-0Ca-30","39282","782.347"
"8","81:M1ex-0Ca-35","39311","770.063"
"9","81:M1ex-0Ca-40","39387","773.963"
"10","81:M1ex-0Ca-45","39306","765.820"
"11","81:M1ex-0Ca-50","39473","773.377"
"12","81:M1ex-0Ca-55","39374","771.619"
"13","81:M1ex-0Ca-60","39413","773.034"
"1","82:M1ex-0Ca-00","33717","758.347"
"2","82:M1ex-0Ca-05","33943","746.690"
"3","82:M1ex-0Ca-10","34445","819.502"
"4","82:M1ex-0Ca-15","35216","803.803"
"5","82:M1ex-0Ca-20","36218","832.087"
"6","82:M1ex-0Ca-25","36894","843.502"
"7","82:M1ex-0Ca-30","37409","828.288"
"8","82:M1ex-0Ca-35","37781","829.016"
"9","82:M1ex-0Ca-40","38203","835.259"
"10","82:M1ex-0Ca-45","38464","835.644"
"11","82:M1ex-0Ca-50","38750","836.087"
"12","82:M1ex-0Ca-55","38914","838.288"
"13","82:M1ex-0Ca-60","39125","830.531"
"1","83:M1ex-0Ca-00","29232","677.921"
"2","83:M1ex-0Ca-05","29422","679.335"
"3","83:M1ex-0Ca-10","29602","677.921"
"4","83:M1ex-0Ca-15","30186","687.578"
"5","83:M1ex-0Ca-20","30656","704.448"
"6","83:M1ex-0Ca-25","31209","722.891"
"7","83:M1ex-0Ca-30","31605","772.732"
"8","83:M1ex-0Ca-35","31951","744.690"
"9","83:M1ex-0Ca-40","32443","744.105"
"10","83:M1ex-0Ca-45","32845","772.389"
"11","83:M1ex-0Ca-50","32936","764.389"
"12","83:M1ex-0Ca-55","33125","752.933"
"13","83:M1ex-0Ca-60","33307","750.004"
"1","84:M1ex-0Ca-00","32059","703.335"
"2","84:M1ex-0Ca-05","32199","708.264"
"3","84:M1ex-0Ca-10","32305","694.708"
"4","84:M1ex-0Ca-15","32509","708.749"
"5","84:M1ex-0Ca-20","34662","787.904"
"6","84:M1ex-0Ca-25","34646","768.548"
"7","84:M1ex-0Ca-30","34665","771.862"
"8","84:M1ex-0Ca-35","34949","784.690"
"9","84:M1ex-0Ca-40","35172","787.862"
"10","84:M1ex-0Ca-45","35539","802.590"
"11","84:M1ex-0Ca-50","35631","814.489"
"12","84:M1ex-0Ca-55","35727","822.046"
"13","84:M1ex-0Ca-60","35800","816.146"
"1","85:M1ex-0Ca-00","37490","740.507"
"2","85:M1ex-0Ca-05","39362","770.933"
"3","85:M1ex-0Ca-10","40764","788.105"
"4","85:M1ex-0Ca-15","41224","797.519"
"5","85:M1ex-0Ca-20","41412","808.146"
"6","85:M1ex-0Ca-25","41519","814.732"
"7","85:M1ex-0Ca-30","41717","815.762"
"8","85:M1ex-0Ca-35","41931","825.762"
"9","85:M1ex-0Ca-40","42052","828.933"
"10","85:M1ex-0Ca-45","42206","846.632"
"11","85:M1ex-0Ca-50","42288","849.561"
"12","85:M1ex-0Ca-55","42484","855.460"
"13","85:M1ex-0Ca-60","42509","860.389"
"1","86:M1ex-0Ca-00","36067","743.034"
"2","86:M1ex-0Ca-05","35993","737.578"
"3","86:M1ex-0Ca-10","35903","734.950"
"4","86:M1ex-0Ca-15","35898","743.034"
"5","86:M1ex-0Ca-20","35923","742.548"
"6","86:M1ex-0Ca-25","35948","739.820"
"7","86:M1ex-0Ca-30","36010","737.335"
"8","86:M1ex-0Ca-35","36049","740.749"
"9","86:M1ex-0Ca-40","36049","744.548"
"10","86:M1ex-0Ca-45","36053","738.649"
"11","86:M1ex-0Ca-50","36074","744.063"
"12","86:M1ex-0Ca-55","36040","741.820"
"13","86:M1ex-0Ca-60","36156","748.306"
"1","87:M1ex-0Ca-00","38169","776.489"
"2","87:M1ex-0Ca-05","38484","775.176"
"3","87:M1ex-0Ca-10","38837","780.247"
"4","87:M1ex-0Ca-15","39183","769.963"
"5","87:M1ex-0Ca-20","39454","791.075"
"6","87:M1ex-0Ca-25","39733","785.762"
"7","87:M1ex-0Ca-30","39987","795.561"
"8","87:M1ex-0Ca-35","40224","799.075"
"9","87:M1ex-0Ca-40","40498","801.803"
"10","87:M1ex-0Ca-45","40727","800.732"
"11","87:M1ex-0Ca-50","40938","823.117"
"12","87:M1ex-0Ca-55","41089","808.632"
"1","88:M1ex-0Ca-00","41828","816.690"
"2","88:M1ex-0Ca-05","41941","823.418"
"3","88:M1ex-0Ca-10","41929","830.732"
"4","88:M1ex-0Ca-15","41937","829.661"
"5","88:M1ex-0Ca-20","41958","839.360"
"6","88:M1ex-0Ca-25","41974","820.205"
"7","88:M1ex-0Ca-30","41949","815.134"
"8","88:M1ex-0Ca-35","41972","825.619"
"9","88:M1ex-0Ca-40","41995","814.649"
"10","88:M1ex-0Ca-45","41999","824.833"
"11","88:M1ex-0Ca-50","42024","821.661"
"12","88:M1ex-0Ca-55","42036","818.448"
"1","89:M1ex-0Ca-00","28529","671.394"
"2","89:M1ex-0Ca-05","28688","683.536"
"3","89:M1ex-0Ca-10","27764","665.193"
"4","89:M1ex-0Ca-15","27811","658.909"
"5","89:M1ex-0Ca-20","27940","667.980"
"6","89:M1ex-0Ca-25","28017","682.850"
"7","89:M1ex-0Ca-30","28004","661.838"
"8","89:M1ex-0Ca-35","27955","659.737"
"9","89:M1ex-0Ca-40","27976","664.566"
"10","89:M1ex-0Ca-45","28059","676.850"
"11","89:M1ex-0Ca-50","28240","667.051"
"12","89:M1ex-0Ca-55","28190","672.708"
"13","89:M1ex-0Ca-60","28163","672.850"
"1","9:NI-ND-00","34551","709.394"
"2","9:NI-ND-05","34549","710.708"
"3","9:NI-ND-10","34555","718.749"
"4","9:NI-ND-15","34565","713.779"
"5","9:NI-ND-20","34597","718.950"
"6","9:NI-ND-25","34608","711.294"
"7","9:NI-ND-30","34573","709.051"
"8","9:NI-ND-35","34597","710.222"
"9","9:NI-ND-40","34582","711.394"
"10","9:NI-ND-45","34647","708.808"
"11","9:NI-ND-50","34631","722.164"
"12","9:NI-ND-55","34654","709.637"
"13","9:NI-ND-60","34647","719.436"
"1","90:M1ex-0Ca-00","39639","783.217"
"2","90:M1ex-0Ca-05","39805","780.833"
"3","90:M1ex-0Ca-10","39685","791.803"
"4","90:M1ex-0Ca-15","39721","779.519"
"5","90:M1ex-0Ca-20","39781","782.105"
"6","90:M1ex-0Ca-25","39840","785.661"
"7","90:M1ex-0Ca-30","39803","788.732"
"8","90:M1ex-0Ca-35","39835","781.904"
"9","90:M1ex-0Ca-40","39859","789.803"
"10","90:M1ex-0Ca-45","39868","780.004"
"11","90:M1ex-0Ca-50","39973","790.347"
"12","90:M1ex-0Ca-55","39940","780.448"
"13","90:M1ex-0Ca-60","39934","791.176"
"1","91:M1ex-0Ca-00","33535","709.820"
"2","91:M1ex-0Ca-05","33693","710.891"
"3","91:M1ex-0Ca-10","33880","720.590"
"4","91:M1ex-0Ca-15","34079","724.933"
"5","91:M1ex-0Ca-20","34250","728.833"
"6","91:M1ex-0Ca-25","34446","729.762"
"7","91:M1ex-0Ca-30","34696","729.963"
"8","91:M1ex-0Ca-35","34876","738.590"
"9","91:M1ex-0Ca-40","35006","742.347"
"10","91:M1ex-0Ca-45","35180","746.833"
"11","91:M1ex-0Ca-50","35350","756.146"
"12","91:M1ex-0Ca-55","35472","749.762"
"1","92:M1ex-0Ca-00","37992","752.992"
"2","92:M1ex-0Ca-05","38227","757.377"
"3","92:M1ex-0Ca-10","38262","755.477"
"4","92:M1ex-0Ca-15","38315","756.548"
"5","92:M1ex-0Ca-20","38334","762.933"
"6","92:M1ex-0Ca-25","38266","755.820"
"7","92:M1ex-0Ca-30","38257","755.134"
"8","92:M1ex-0Ca-35","38267","752.992"
"9","92:M1ex-0Ca-40","38247","752.649"
"10","92:M1ex-0Ca-45","38269","755.963"
"11","92:M1ex-0Ca-50","38270","752.063"
"12","92:M1ex-0Ca-55","38317","763.418"
"1","93:M1ex-0Ca-00","28955","650.767"
"2","93:M1ex-0Ca-05","28943","649.938"
"3","93:M1ex-0Ca-10","28958","655.009"
"4","93:M1ex-0Ca-15","28969","654.909"
"5","93:M1ex-0Ca-20","28957","651.352"
"6","93:M1ex-0Ca-25","28992","650.524"
"7","93:M1ex-0Ca-30","29006","658.808"
"8","93:M1ex-0Ca-35","29031","658.566"
"9","93:M1ex-0Ca-40","29029","658.909"
"10","93:M1ex-0Ca-45","29047","663.394"
"11","93:M1ex-0Ca-50","29090","650.524"
"12","93:M1ex-0Ca-55","29092","652.767"
"1","94:M1ex-0Ca-00","36342","862.146"
"2","94:M1ex-0Ca-05","36494","893.502"
"3","94:M1ex-0Ca-10","36615","868.046"
"4","94:M1ex-0Ca-15","36698","886.815"
"5","94:M1ex-0Ca-20","36770","904.472"
"6","94:M1ex-0Ca-25","36738","901.401"
"7","94:M1ex-0Ca-30","36771","911.159"
"8","94:M1ex-0Ca-35","36871","917.058"
"9","94:M1ex-0Ca-40","36838","907.845"
"10","94:M1ex-0Ca-45","36921","932.614"
"11","94:M1ex-0Ca-50","37008","917.401"
"12","94:M1ex-0Ca-55","37011","931.987"
"1","95:M1ex-0Ca-00","33152","708.122"
"2","95:M1ex-0Ca-05","33268","711.921"
"3","95:M1ex-0Ca-10","33385","709.092"
"4","95:M1ex-0Ca-15","33490","710.021"
"5","95:M1ex-0Ca-20","33582","712.850"
"6","95:M1ex-0Ca-25","33648","709.779"
"7","95:M1ex-0Ca-30","33713","707.879"
"8","95:M1ex-0Ca-35","33804","709.193"
"9","95:M1ex-0Ca-40","33838","710.122"
"10","95:M1ex-0Ca-45","33935","708.708"
"11","95:M1ex-0Ca-50","33956","707.879"
"12","95:M1ex-0Ca-55","33997","711.294"
"13","95:M1ex-0Ca-60","34054","711.193"
"1","96:M1ex-0Ca-00","35019","725.980"
"2","96:M1ex-0Ca-05","35267","726.021"
"3","96:M1ex-0Ca-10","35356","724.950"
"4","96:M1ex-0Ca-15","35364","729.436"
"5","96:M1ex-0Ca-20","35434","729.536"
"6","96:M1ex-0Ca-25","35509","750.708"
"7","96:M1ex-0Ca-30","35585","755.921"
"8","96:M1ex-0Ca-35","35663","755.477"
"9","96:M1ex-0Ca-40","35768","746.365"
"10","96:M1ex-0Ca-45","35870","752.992"
"11","96:M1ex-0Ca-50","35877","747.779"
"12","96:M1ex-0Ca-55","35976","754.607"
"13","96:M1ex-0Ca-60","36057","753.779"
"1","97:M1ex-0Ca-00","38515","763.235"
"2","97:M1ex-0Ca-05","38492","759.820"
"3","97:M1ex-0Ca-10","38610","761.820"
"4","97:M1ex-0Ca-15","38640","774.448"
"5","97:M1ex-0Ca-20","38616","768.891"
"6","97:M1ex-0Ca-25","38683","764.406"
"7","97:M1ex-0Ca-30","38716","759.335"
"8","97:M1ex-0Ca-35","38748","773.034"
"9","97:M1ex-0Ca-40","38787","768.063"
"10","97:M1ex-0Ca-45","38853","765.477"
"11","97:M1ex-0Ca-50","38877","777.318"
"12","97:M1ex-0Ca-55","38947","765.820"
"13","97:M1ex-0Ca-60","38977","778.590"
"1","98:M1ex-0Ca-00","41841","783.134"
"2","98:M1ex-0Ca-05","42144","791.134"
"3","98:M1ex-0Ca-10","42213","791.519"
"4","98:M1ex-0Ca-15","42264","780.749"
"5","98:M1ex-0Ca-20","42314","796.347"
"6","98:M1ex-0Ca-25","42362","794.347"
"7","98:M1ex-0Ca-30","42357","795.176"
"8","98:M1ex-0Ca-35","42400","798.247"
"9","98:M1ex-0Ca-40","42447","796.590"
"10","98:M1ex-0Ca-45","42464","788.548"
"11","98:M1ex-0Ca-50","42485","791.619"
"12","98:M1ex-0Ca-55","42507","791.862"
"13","98:M1ex-0Ca-60","42517","789.134"
"1","99:M1ex-ND-00","35289","718.122"
"2","99:M1ex-ND-05","35296","721.294"
"3","99:M1ex-ND-10","35254","715.637"
"4","99:M1ex-ND-15","35247","722.507"
"5","99:M1ex-ND-20","35262","726.749"
"6","99:M1ex-ND-25","35257","725.578"
"7","99:M1ex-ND-30","35242","734.205"
"8","99:M1ex-ND-35","35281","725.578"
"9","99:M1ex-ND-40","35271","720.607"
"10","99:M1ex-ND-45","35213","727.477"
"11","99:M1ex-ND-50","35233","728.406"
"12","99:M1ex-ND-55","35199","727.820"
